Categoria,Producto_Auditor,Precio_Auditor,Estado_Auditor,Woo_ID,Woo_SKU,Woo_Nombre,Woo_Tipo,Woo_Status,Woo_Precio_Regular,Woo_Precio_Oferta,Woo_Precio_Efectivo,Woo_Stock,Woo_StockStatus,Woo_Categorias,Match,Discrepancias
Agotados,BCAA Super 8 – Muscleology,$34.99,agotado,11192,829263000240,BCAA Super 8 - Muscleology - Sabor Maracuyá - 30 Serv - Recuperación Muscular y Resistencia,simple,publish,34.99,,34.99,1,outofstock,Aminoácidos|BCAA,tokens,OK
Agotados,Beta Alanine – RAW – 60 Serv,$27.99,agotado,11862,850049150613,Beta Alanine - RAW - 60 Serv - Mejora de Resistencia Muscular y Rendimiento Deportivo,simple,publish,27.99,,27.99,4,outofstock,Aminoácidos|Complejos de Aminoácidos,tokens,OK
Agotados,Colágeno AMP'D – Muscleology – 30 serv,$34.99,agotado,11165,829263000189,Colageno AMP’D - Muscleology - Sabor Berry Rita Burst - 30 srv - Colágeno Hidrolizado con Ácido Hialurónico,simple,publish,34.99,,34.99,3,outofstock,Salud Articular y Colágeno|Salud y Bienestar,manual,OK
Agotados,DHEA 100mg – Nutricost – 180 cáps,$25.99,agotado,13375,713325974009,DHEA 100mg - Nutricost - 180 Cápsulas - Equilibrio Hormonal y Vitalidad,simple,publish,25.99,,25.99,5,outofstock,Detox y Salud Hepática|Salud y Bienestar|Sueño y Relajación,tokens,OK
Agotados,Essential Burner – RAW,$29.99,agotado,8901,850049150262,Essential Burner - RAW - Acelerador del Metabolismo y Reducción de Peso,simple,publish,29.99,,29.99,4,outofstock,Apoyo Metabólico y Control de Peso|Quemadores de Grasa|Termogénicos y CLA,tokens,OK
Agotados,Gluta Max – Impulse – 80 Serv,$29.99,agotado,109,745560722022,Gluta Max - Impulse - 80 Serv - Glutamina Micronizada Sin Sabor para Recuperación,simple,publish,29.99,,29.99,3,outofstock,Aminoácidos|Glutamina,tokens,OK
Agotados,IsoJect Vanilla + BCAA VMS 30 Serv (combo),$59.99,agotado,21519,,IsoJect Vanilla + BCAA VMS 30 Servings,grouped,publish,,,59.99,0,outofstock,BCAA|Combos|Promociones|Proteína Aislada / Isolate,fuzzy,OK
Agotados,IsoJect Vanilla + Creatina VMS (combo),$54.99,agotado,21511,,IsoJect Vanilla + Creatina VMS,grouped,publish,,,54.99,0,outofstock,Combos|Creatina|Promociones|Proteína Aislada / Isolate,fuzzy,OK
Agotados,IsoJect Vanilla + Glutamina VMS (combo),$59.99,agotado,21521,,IsoJect Vanilla + Glutamina VMS,grouped,publish,,,59.99,0,outofstock,Combos|Glutamina|Promociones|Proteína Aislada / Isolate,fuzzy,OK
Agotados,IsoJect Vanilla + Raw Pre Orange + Creatina VMS (combo),$69.99,agotado,21525,,IsoJect Vanilla + Raw Pre Orange + Creatina VMS,grouped,publish,,,69.99,0,outofstock,Combos|Creatina|Promociones|Proteína Aislada / Isolate|Sin Categoría,fuzzy,OK
Agotados,IsoJect Vanilla Bean 1.85 lbs – Evogen,$58.99,agotado,21335,817189020510,ISOJECT VANILLA BEAN 1.85 LBS 28 SERVING EVOGEN,simple,publish,58.99,,58.99,1,outofstock,Proteína Aislada / Isolate,tokens,OK
Agotados,Lipo-6 CLA – Nutrex,$19.99,agotado,8690,853237000202,Lipo-6 CLA - Nutrex - 45 Cápsulas - Reducción de Grasa Corporal y Control del Peso,simple,publish,19.99,,19.99,2,outofstock,Quemadores de Grasa|Termogénicos y CLA,tokens,OK
Agotados,Milk Thistle – Nutricost – 120 cáps,$19.99,agotado,13379,810139573739,Milk Thistle - Nutricost - 120 Cápsulas - Apoyo Hepático y Detoxificación Natural,simple,publish,19.99,,19.99,2,outofstock,Detox y Salud Hepática|Salud Articular y Colágeno|Salud y Bienestar,tokens,OK
Agotados,Multi Vitamina Revive,$44.99,agotado,11236,850030689214,Multi Vitamina Revive - Suplemento Multivitamínico para Salud General y Energía,simple,publish,44.99,,44.99,3,outofstock,Detox y Salud Hepática|Multivitamínicos|Salud Cardiovascular y Omega 3|Salud y Bienestar|Vitaminas y Minerales,tokens,OK
Agotados,Multivitaminas – Nutricost – 120 cáps,$29.99,agotado,13380,810014679426,Multivitaminas - Nutricost - 120 Cápsulas - Salud General y Energía Diaria,simple,publish,29.99,,29.99,2,outofstock,Multivitamínicos|Vitaminas y Minerales,tokens,OK
Agotados,Picolinato de Cromo 1000 mg – Primaforce,$22.99,agotado,13372,810014673165,Picolinato de Cromo 1000 mg - Primaforce - 240 Cápsulas - Control de Azúcar en Sangre y Apoyo Metabólico,simple,publish,22.99,,22.99,1,outofstock,Apoyo Metabólico y Control de Peso|Quemadores de Grasa|Vitaminas y Minerales|Vitaminas y Minerales Específicos,tokens,OK
Agotados,Testosterona Booster Six Star – MuscleTech,$35.22,agotado,8556,631656603118,Testosterona booster Six Star - MuscleTech - Aumento de Testosterona y Energía Física,simple,publish,35.22,,35.22,5,outofstock,Salud Hormonal y Testosterona|Salud y Bienestar,tokens,OK
Agotados,Thermoblast H2 – Impulse – 120 cáps,$25.99,agotado,94,745560722213,Thermoblast H2 - Impulse - 120 Cápsulas - Quemador de Grasa para Mujer,simple,publish,25.99,,25.99,5,outofstock,Quemadores de Grasa|Termogénicos y CLA,tokens,OK
Agotados,Vitamina B Complex – Nutricost,$19.99,agotado,13388,810139572350,Vitamina B Complex - Nutricost - 120 Cápsulas - Energía y Salud del Sistema Nervioso,simple,publish,19.99,,19.99,5,outofstock,Vitaminas y Minerales|Vitaminas y Minerales Específicos,tokens,OK
Agotados,Zinc Chelate – Nutricost – 120 cáps,$19.99,agotado,13392,810014671598,Zinc Chelate - Nutricost - 120 Cápsulas - Apoyo al Sistema Inmunológico y Salud de la Piel,simple,publish,19.99,,19.99,2,outofstock,Salud Hormonal y Testosterona|Salud y Bienestar|Vitaminas y Minerales|Vitaminas y Minerales Específicos,tokens,OK
Agotados,ZMA PrimaForce – Nutricost – 180 cáps,$26.50,agotado,13393,811445020405,ZMA PrimaForce - Nutricost - 180 Cápsulas - Apoyo Hormonal y Mejora del Sueño,simple,publish,26.5,,26.5,1,outofstock,Salud Hormonal y Testosterona|Salud y Bienestar|Vitaminas y Minerales|Vitaminas y Minerales Específicos,tokens,OK
Combos,Creatina VMS 80 + Glutamina VMS 80,$24.99,disponible,21960,,Creatina VMS 80 Serv + Glutamina VMS 80 Serv,grouped,publish,,,24.99,9999,instock,Combos|Creatina|Glutamina|Promociones,tokens,OK
Combos,Elite Performance Stack,$115.99,disponible,21660,,Elite Performance Stack,grouped,publish,,,115.99,9999,instock,Combos|Ganadores de Masa / Mass Gainer|Glutamina|Pre-Entrenamientos Sin Estimulantes|Promociones|Proteína de Suero / Whey Protein|Proteínas,tokens,OK
Combos,Evofusion + BCAA VMS 30 Serv,$89.99,disponible,21518,,Evofusion + BCAA VMS 30 Serv,grouped,publish,89.99,,89.99,9999,instock,BCAA|Combos|Promociones|Proteína de Suero / Whey Protein,tokens,OK
Combos,Evofusion + Creatina VMS + BCAA VMS,$98.99,disponible,21524,,Evofusion + Creatina VMS + BCAA VMS 30 Servings,grouped,publish,,,98.99,9999,instock,BCAA|Combos|Creatina|Promociones|Proteína de Suero / Whey Protein,tokens,OK
Combos,Evofusion Choc PB + BUM Pre Blue Raspberry,$85.99,disponible,21515,,Evofusion Choc PB + BUM Pre Blue Raspberry,grouped,publish,,,85.99,9999,instock,Combos|Pre-Entrenamientos Sin Estimulantes|Promociones|Proteína de Suero / Whey Protein,tokens,OK
Combos,Evofusion Choc PB + Creatina VMS,$84.99,disponible,21510,,Evofusion Choc PB + Creatina VMS,grouped,publish,,,84.99,9999,instock,Combos|Creatina|Promociones|Proteína de Suero / Whey Protein,tokens,OK
Combos,ISO 100 Fruity Pebbles + Creatina Angry,$58.99,disponible,21633,,ISO 100 Fruity Pebbles + Creatina Angry Supplements,grouped,publish,,,58.99,9999,instock,Combos|Creatina|Promociones|Proteína Aislada / Isolate|Proteínas,tokens,OK
Combos,ISO 100 Fruity Pebbles + Raw Pre Orange,$59.99,disponible,21639,,ISO 100 Fruity Pebbles + Raw Pre Workout Orange,grouped,publish,,,59.99,9999,instock,Combos|Promociones|Proteína Aislada / Isolate|Sin Categoría|Proteínas,tokens,OK
Combos,ISO Total Pack,$69.99,disponible,21655,,ISO Total Pack,grouped,publish,,,69.99,9999,instock,BCAA|Combos|Creatina|Promociones|Proteína Aislada / Isolate|Proteínas,tokens,OK
Combos,Mutant Mass Gainer Extreme 2500 + Creatina Angry,$54.99,disponible,21961,,Mutant Mass Gainer Extreme 2500 + Creatina Angry 60 Serv,grouped,publish,,,54.99,9999,instock,MUTANT|Combos|Creatina|Ganadores de Masa / Mass Gainer|Promociones,tokens,OK
Combos,ProLive Bio5 + BUM Pre Blue Raspberry,$94.99,disponible,21516,,ProLive Bio5 + BUM Pre Blue Raspberry,grouped,publish,,,94.99,9999,instock,Combos|Ganadores de Masa / Mass Gainer|Pre-Entrenamientos Sin Estimulantes|Promociones|Proteína de Suero / Whey Protein|Proteínas,tokens,OK
Combos,ProLive Bio5 + Creatina VMS,$89.99,disponible,21513,,ProLive Bio5 + Creatina VMS,grouped,publish,,,89.99,9999,instock,Combos|Creatina|Ganadores de Masa / Mass Gainer|Promociones|Proteína de Suero / Whey Protein|Proteínas,tokens,OK
Combos,ProLive Bio5 + Glutamina VMS,$89.99,disponible,21523,,ProLive Bio5 + Glutamina VMS,grouped,publish,,,89.99,9999,instock,Combos|Ganadores de Masa / Mass Gainer|Glutamina|Promociones|Proteína de Suero / Whey Protein|Proteínas,tokens,OK
Combos,ProLive Bio6 + BCAA VMS 30 Serv,$98.99,disponible,21520,,ProLive Bio6 + BCAA VMS 30 Servings,grouped,publish,,,98.99,9999,instock,BCAA|Combos|Ganadores de Masa / Mass Gainer|Promociones|Proteína de Suero / Whey Protein|Proteínas,tokens,OK
Combos,ProLive Bio6 + Creatina Nutrex,$101.99,disponible,21514,,ProLive Bio6 + Creatina Nutrex,grouped,publish,,,101.99,9999,instock,Combos|Creatina|Creatina Monohidratada|Descuentos|Ganadores de Masa / Mass Gainer|Promociones|Proteína de Suero / Whey Protein|Proteínas,tokens,OK
Combos,ProLive Full Stack,$99.99,disponible,21647,,ProLive Full Stack,grouped,publish,,,99.99,9999,instock,Combos|Creatina|Ganadores de Masa / Mass Gainer|Promociones|Proteína de Suero / Whey Protein|Proteínas,tokens,OK
Combos,Primeval Labs 4.8 lb + BUM Esencial No-Stim,$74.99,disponible,21982,,Proteína Primeval Labs 4.8 lb + BUM Esencial No-Stim Blue Raspberry,grouped,publish,,,74.99,9999,instock,Combos|Pre-Entrenamientos Sin Estimulantes|Promociones|Proteína de Suero / Whey Protein|Proteínas,tokens,OK
Combos,Primeval Labs 4.8 lb + Creatina Angry,$69.99,disponible,21962,,Proteína Primeval Labs 4.8 lb + Creatina Angry 60 Serv,grouped,publish,,,69.99,9999,instock,Combos|Creatina|Promociones|Proteína de Suero / Whey Protein|Proteínas,tokens,OK
Combos,Primeval Labs 4.8 lb + Raw Pre Orange,$74.99,disponible,21989,,Proteína Primeval Labs 4.8 lb + Raw Pre Workout Orange,grouped,publish,,,74.99,9999,instock,Combos|Promociones|Proteína de Suero / Whey Protein|Sin Categoría|Proteínas,tokens,OK
Combos,VMS Bios Active + Creatina VMS,$89.99,disponible,21512,,VMS Bios Active + Creatina VMS,grouped,publish,,,89.99,9999,instock,Combos|Creatina|Promociones|Proteína Aislada / Isolate,tokens,OK
Combos,VMS Bios Active + Glutamina VMS,$89.99,disponible,21522,,VMS Bios Active + Glutamina VMS,grouped,publish,,,89.99,9999,instock,Combos|Glutamina|Promociones|Proteína Aislada / Isolate,tokens,OK
Combos,VMS Bios Active + Raw Pre Orange,$94.99,disponible,21517,,VMS Bios Active + Raw Pre Orange,grouped,publish,,,94.99,9999,instock,Combos|Promociones|Proteína Aislada / Isolate|Sin Categoría,tokens,OK
Combos,VMS Triple Stack,$99.99,disponible,21643,,VMS Triple Stack,grouped,publish,,,99.99,9999,instock,Combos|Creatina|Glutamina|Promociones|Proteína Aislada / Isolate,tokens,OK
Proteínas y ganadores de masa,Batido de Proteínas 325 ml – 12 Pack,$57.60,disponible,19071,,Batido de Proteínas - 325 ml - 12 Pack - Recuperación Muscular,variable,publish,,,57.60,,instock,Proteína RTD|RTD Proteicos|Snacks y Bedidas|Proteínas,tokens,OK
Proteínas y ganadores de masa,Ganador de Masa Mass Tech – MuscleTech – 12 lbs,$79.99,disponible,18960,,Ganador de Masa Muscular Mass Tech - MuscleTech – 12 LBS – Aumento de Peso y Músculo,variable,publish,,,79.99,,instock,Ganadores de Masa / Mass Gainer|Proteínas,tokens,OK
Proteínas y ganadores de masa,Ganador de Masa Mass Tech – MuscleTech – 6 lbs,$52.99,disponible,18955,,Ganador de Masa Muscular Mass Tech - MuscleTech – 6 LBS – Aumento de Peso y Músculo,variable,publish,,,52.99,,instock,Ganadores de Masa / Mass Gainer|Promociones|Proteínas,tokens,OK
Proteínas y ganadores de masa,ISO 100 Fruity Pebbles 1.6 lbs – Dymatize,$49.99,disponible,21625,,ISO 100 FRUITY PEBBLES 20 SERV. 1.6 LBS 24 SERVING DYMATIZE,variable,publish,,,49.99,,instock,Descuento Online|Proteína Aislada / Isolate|Proteínas,tokens,OK
Proteínas y ganadores de masa,ISO Surge – Mutant – 2 lb,$47.99,disponible,22136,,ISO Surge - Mutant - Proteina Isolada 2 lb,variable,publish,,,47.99,,instock,Descuento Online|Proteína Aislada / Isolate,tokens,OK
Proteínas y ganadores de masa,Mass Extreme 2500 – Mutant,$34.99,disponible,21391,,MASS EXTREME 2500 MUTANT,variable,publish,,,34.99,,instock,Descuento Online|MUTANT|Ganadores de Masa / Mass Gainer|Promociones,tokens,OK
Proteínas y ganadores de masa,ON 100% Whey Gold Standard 1.5 lb,$35.99,disponible,19826,,Optimum Nutrition Proteína 100% Whey Gold Standard - 1.5 lb - Recuperación Muscular,variable,publish,,,35.99,,instock,Proteína de Suero / Whey Protein|Proteínas,tokens,OK
Proteínas y ganadores de masa,ON 100% Whey Gold Standard 2 lb,$64.99,disponible,19817,,Optimum Nutrition Proteína 100% Whey Gold Standard - 2 lb - Recuperación Muscular,variable,publish,,,64.99,,instock,Proteína de Suero / Whey Protein|Proteínas,tokens,OK
Proteínas y ganadores de masa,ON 100% Whey Gold Standard 5 lb,$115.99,disponible,19835,,Optimum Nutrition Proteína 100% Whey Gold Standard - 5 lb - Recuperación Muscular,variable,publish,,,115.99,,instock,Proteína de Suero / Whey Protein|Proteínas,tokens,OK
Proteínas y ganadores de masa,ProLive Bio5 – Impulse – 5 lb,$99.99,disponible,18186,,ProLive Bio5 Impulse - 5lb - Ganancia Muscular y Recuperación,variable,publish,,,99.99,,instock,Ganadores de Masa / Mass Gainer|Proteína de Suero / Whey Protein|Proteínas,tokens,OK
Proteínas y ganadores de masa,ProLive Bio6 – Impulse – 6 lb,$115.99,disponible,18854,,ProLive Bio6 Impulse - 6lb - Ganancia Muscular y Recuperación,variable,publish,,,115.99,,instock,Ganadores de Masa / Mass Gainer|Proteína de Suero / Whey Protein|Proteínas,tokens,OK
Proteínas y ganadores de masa,Proteína Carnivor – MuscleMeds – 4 lbs,$95.99,disponible,8554,891597002542,Proteína - Carnivor - MuscleMeds - Sabor Chocolate - 4 LBS - Aumento de Masa Muscular,simple,publish,95.99,,95.99,39,instock,Ganadores de Masa / Mass Gainer|Proteína Aislada / Isolate|Proteínas,tokens,OK
Proteínas y ganadores de masa,Proteína Evofusion – Evogen – 4.6 lbs,$89.99,disponible,19242,,Proteína Evofusion - Evogen - 4.6 LBS - Ganancia y Recuperación,variable,publish,,,89.99,,instock,Proteína de Suero / Whey Protein|Proteínas,tokens,OK
Proteínas y ganadores de masa,Proteína Evofusion Choc PB 4.78 lbs – Evogen,$89.99,disponible,21454,810121050286,EVOFUSION CHOCOLATE PEANUT BUTTER 4.78 LBS EVOGEN,simple,publish,89.99,,89.99,395,instock,Proteína de Suero / Whey Protein,fuzzy,OK
Proteínas y ganadores de masa,Proteína ISO100 – Dymatize – 3 lbs,$99.99,disponible,19225,,Proteína ISO100 - Dymatize - 3 LBS - Isolatada e Hidrolizada para Recuperación Muscular,variable,publish,,,99.99,,instock,Proteína Aislada / Isolate|Proteínas,tokens,OK
Proteínas y ganadores de masa,Proteína ISO100 – Dymatize – 5 lbs,$148.99,disponible,19183,,Proteína ISO100 – Dymatize – 5 LBS – Isolatada e Hidrolizada para Recuperación Muscular,variable,publish,,,148.99,,instock,Proteína Aislada / Isolate|Proteínas,tokens,OK
Proteínas y ganadores de masa,Proteína ISOFIT – Nutrex – 30 Serv,$59.99,disponible,19778,,Proteína ISOFIT  – Nutrex – 30 Serv – Aumento de Masa Muscular y Recuperación,variable,publish,,,59.99,,instock,Descuento Online|Promociones|Proteína Aislada / Isolate|Proteínas,tokens,OK
Proteínas y ganadores de masa,Proteína ISOFIT – Nutrex – 5 lbs,$84.99,disponible,19790,,Proteína ISOFIT - Nutrex - 5 LBS - Aumento de Masa Muscular y Recuperación,variable,publish,,,84.99,,instock,Proteína Aislada / Isolate|Proteínas,tokens,OK
Proteínas y ganadores de masa,Proteína ISOJECT – Evogen – 1.7 lbs,$58.99,disponible,19744,,Proteína ISOJECT - Evogen - 1.7 LBS - Ganancia y Recuperación,variable,publish,,,58.99,,instock,Proteína Aislada / Isolate|Proteínas,tokens,OK
Proteínas y ganadores de masa,Proteína ISOJECT – Evogen – 4 lbs,$99.99,disponible,19235,,Proteína ISOJECT - Evogen - 4 LBS - Isolatada para Ganancia Muscular,variable,publish,,,99.99,,instock,Proteína Aislada / Isolate|Proteínas,tokens,OK
Proteínas y ganadores de masa,Proteína Isolatada – RAW – 2 lb,$59.99,disponible,19029,,Proteína Isolatada - Raw - 2 lb - Recuperación Muscular y Aumento de Masa,variable,publish,,,59.99,,instock,Descuento Online|Proteína Aislada / Isolate|Proteínas,tokens,OK
Proteínas y ganadores de masa,Proteína Isolatada – RAW – 5 lb,$99.99,disponible,19004,,Proteína Isolatada - Raw - 5 lb - Recuperación Muscular y Aumento de Masa,variable,publish,,,99.99,,instock,Proteína Aislada / Isolate|Proteínas,tokens,OK
Proteínas y ganadores de masa,Proteína Nitro-Up – Muscleology – 5 lbs,$74.99,disponible,18946,,Proteína Nitro-Up – Muscleology – 5 LBS,variable,publish,,,74.99,,instock,Proteína de Suero / Whey Protein|Proteínas,tokens,OK
Proteínas y ganadores de masa,Proteína Premium Whey – LanderFit – 2 lb,$59.99,disponible,19008,,Proteína Premium Whey - LanderFit – 2Lb - Ganancia Muscular y Recuperación Rápida,variable,publish,,,59.99,,instock,Proteína de Suero / Whey Protein|Proteínas,tokens,OK
Proteínas y ganadores de masa,Proteína Primeval Labs – 4.8 lb,$59.99,disponible,18977,,Proteína Primeval Labs - 4.8 lb - Recuperación Muscular y Aumento de Masa,variable,publish,,,59.99,,instock,Descuentos|Promociones|Proteína de Suero / Whey Protein|Proteínas,tokens,OK
Proteínas y ganadores de masa,Proteína RTD Carnivor 500 ml,$57.60,disponible,11808,,Proteína RTD Carnivor 500 ml – Proteína Lista para Beber Recuperación y Crecimiento Muscular,variable,publish,,,57.60,,instock,Proteína RTD|RTD Proteicos|Snacks y Bedidas|Proteínas,tokens,OK
Proteínas y ganadores de masa,Proteína Vegana – Impulse – 3 lbs,$85.99,disponible,18861,,Proteína Vegana - Impulse - 3 LBS - Ganancia Muscular y Recuperación,variable,publish,,,85.99,,instock,Proteína Vegana|Proteínas,tokens,OK
Proteínas y ganadores de masa,Proteína Vegana – Impulse – Pancake 4 lbs,$80.99,disponible,11803,713101732076,Proteína Vegana - Impulse - Sabor Pancake - 4 LBS - Ganancia y Recuperación,simple,publish,80.99,,80.99,8,instock,Proteína Vegana|Proteínas,tokens,OK
Proteínas y ganadores de masa,Proteína Vegana – LanderFit – 2.04 lbs,$44.99,disponible,9151,612590416644,Proteína Vegana - Landerfit - Sabor Vainilla - 2.04 LBS - Proteína Vegana para Ganancia y Recuperación,simple,publish,44.99,,44.99,24,instock,Proteína Vegana|Proteínas,tokens,OK
Proteínas y ganadores de masa,Proteína Whey – Forzagen – 2 lbs,$39.99,disponible,18933,,Proteína Whey - Forzagen - 2 lbs - Ganancia Muscular y Recuperación,variable,publish,,,39.99,,instock,Proteína de Suero / Whey Protein|Proteínas,tokens,OK
Proteínas y ganadores de masa,Proteína Whey – Forzagen – 5 lb,$75.99,disponible,18932,,Proteína Whey - Forzagen - 5 LB - Ganancia Muscular y Recuperación,variable,publish,,,75.99,,instock,Proteína de Suero / Whey Protein|Proteínas,tokens,OK
Proteínas y ganadores de masa,Proteína Whey – Nutrex – 2 lbs,$45.99,disponible,19800,,Proteína Whey - Nutrex - 2 LBS - Aumento de Masa Muscular y Recuperación,variable,publish,,,45.99,,instock,Descuento Online|Promociones|Proteína de Suero / Whey Protein|Proteínas,tokens,OK
Proteínas y ganadores de masa,Proteína Whey Blend – RAW – 5 lb,$99.99,disponible,19121,,Proteína Whey Blend - RAW - 5 lb - Recuperación Muscular,variable,publish,,,99.99,,instock,Proteína de Suero / Whey Protein|Proteínas,tokens,OK
Proteínas y ganadores de masa,Proteína Whey Nitro Tech – MuscleTech – 4 lbs,$74.99,disponible,18966,,Proteína Whey Nitro Tech - MuscleTech - 4 LBS - Aumento de Masa Muscular y Recuperación,variable,publish,,,74.99,,instock,Proteína de Suero / Whey Protein|Proteínas,tokens,OK
Proteínas y ganadores de masa,VMS Bios Active 5 lb,$99.99,disponible,19061,,VMS Bios Active 5 lb,variable,publish,,,99.99,,instock,Proteína Aislada / Isolate,tokens,OK
Creatinas,Angry Supplements Creatina 300 g,$14.99,disponible,21456,810069201535,ANGRY SUPPLEMENTS CREATINA 300 MG,simple,publish,24.99,14.99,14.99,282,instock,Descuento Online|Creatina,tokens,OK
Creatinas,Creatina 80 Serving Unflavored (VMS),$26.99,disponible,21455,650076635219,CREATINA 80 SERVING UNFLAVORED,simple,publish,29.99,26.99,26.99,258,instock,Descuento Online|Creatina,fuzzy,OK
Creatinas,Creatina Micronizada BPI 600 g,$41.96,disponible,140,811213027513,Creatina Micronizada BPI Sports 600g - 120 Serv - Sin Sabor - Aumenta Fuerza y Rendimiento,simple,publish,41.96,,41.96,159,instock,Creatina|Creatina Micronizada,tokens,OK
Creatinas,Creatina Micronizada – Optimum Nutrition,$24.99,disponible,11830,748927023848,Creatina Micronizada en Polvo - Optimum Nutrition  - Aumento de Fuerza y Rendimiento Deportivo,simple,publish,39.99,24.99,24.99,449,instock,Descuento Online|Creatina|Creatina Micronizada,tokens,OK
Creatinas,Creatina Micronizada Monohidratada – Evogen – 60 Serv,$20.99,disponible,11853,817189029032,Creatina Micronizada Monohidratada - Evogen - 60 Serv - Suplemento para Fuerza y Rendimiento,simple,publish,29.99,20.99,20.99,1281,instock,Descuento Online|Creatina|Creatina Micronizada,tokens,OK
Creatinas,Creatina Monohidratada – Forzagen – 72 Serv,$29.99,disponible,13154,7500634000528,Creatina Monohidratada - Forzagen - 72 Srv - Suplemento para Fuerza y Rendimiento,simple,publish,29.99,,29.99,16,instock,Creatina|Creatina Monohidratada,tokens,OK
Creatinas,Creatina Monohidratada – Nutrex – 200 Serv,$34.99,disponible,13114,850026029925,Creatina Monohidratada - Nutrex - 200 Serv - Aumento de Fuerza y Rendimiento Muscular,simple,publish,44.99,34.99,34.99,159,instock,Creatina|Creatina Monohidratada|Descuentos|Promociones,tokens,OK
Creatinas,Creatina Monohidratada – Nutrex – 60 Serv,$14.99,disponible,268,853237000745,Creatina Monohidratada 60 serv - Nutrex - Aumento de Fuerza y Rendimiento Muscular,simple,publish,24.99,14.99,14.99,1128,instock,Creatina|Creatina Monohidratada|Descuentos|Promociones,tokens,OK
Creatinas,Creatina Sin Estimulantes Categoría 5 – Muscleology,$34.99,disponible,11149,829263210137,"Creatina Sin Estimulantes - Categoría 5 - Muscleology – Sabor StrawBurst - Fuerza, Resistencia y Rendimiento Óptimo",simple,publish,34.99,,34.99,20,instock,Creatina|Creatina Monohidratada,tokens,OK
Creatinas,Creatina Stim Pro – Impulse – 52 Serv,$29.99,disponible,18887,,Creatina Stim Pro - Impulse - 52 Serv - Creatina con Estimulantes,variable,publish,,,29.99,,instock,Descuento Online|Creatina|Creatina con Estimulantes,tokens,OK
Creatinas,Creatina Super ATP – Impulse – 80 Serv,$26.99,disponible,108,745560722015,Creatina Super ATP - Impulse - 80 Srv - Creatina Sin Sabor para Fuerza y Rendimiento,simple,publish,29.99,26.99,26.99,486,instock,Descuento Online|Creatina|Creatina Micronizada|Diuréticos|Diuréticos con Electrolitos,tokens,OK
Aminoácidos,Alpha Amino – Cellucor – 30 Serv,$29.99,disponible,18903,,Alpha Amino - Cellucor - 30 Serv - Recuperación y Resistencia Muscular,variable,publish,,,29.99,1,instock,Aminoácidos|Complejos de Aminoácidos,tokens,OK
Aminoácidos,Amino Esencial – Impulse – 52 Serv,$29.99–$32.99,disponible,21118,,Amino Esencial - Impulse - 52 Serv - Recuperación y Energía,variable,publish,,,29.99,,instock,Aminoácidos|Complejos de Aminoácidos|EAA / Amino Esenciales,tokens,OK
Aminoácidos,Amino Revolution + Electrolitos – LanderFit,$29.99,disponible,9171,,"Amino Revolution + Electrolitos - Landerfit - Rendimiento, Hidratación y Recuperación",variable,publish,,,29.99,,instock,Aminoácidos|Complejos de Aminoácidos,tokens,OK
Aminoácidos,Aminoácido Evogen Amino K.E.M.,$34.99,disponible,19253,,Aminoácido Evogen - Amino K.E.M. - Energía y Rendimiento,variable,publish,,,34.99,,instock,Descuento Online|Aminoácidos|Complejos de Aminoácidos,tokens,OK
Aminoácidos,BCAA 12:1:1 VMS – 30 Serv,$26.99,disponible,21545,,BCAA 12:1:1 VMS - 30 Servings,variable,publish,,,26.99,,instock,Descuento Online|BCAA|Promociones,tokens,OK
Aminoácidos,Glutamine 80 Serving Unflavored (VMS),$26.99,disponible,21460,650076635226,GLUTAMINE 80 SERVING UNFLAVORED,simple,publish,29.99,26.99,26.99,428,instock,Descuento Online|Glutamina|Promociones,fuzzy,OK
Aminoácidos,ON Amino Energy 270 g,$29.99,disponible,19843,,"Optimum Nutrition Amino Energy - 270 g - Energía, Recuperación Muscular y Enfoque Mental",variable,publish,,,29.99,,instock,Descuento Online|Aminoácidos|Complejos de Aminoácidos,tokens,OK
Aminoácidos,ON Amino Energy 585 g,$39.99,disponible,19871,,"Optimum Nutrition Amino Energy - 585 g - Energía, Enfoque Mental y Recuperación Muscular",variable,publish,,,39.99,,instock,Descuento Online|Aminoácidos|Complejos de Aminoácidos,tokens,OK
Aminoácidos,Ultra Glutamina – LanderFit – 60 Serv,$25.99,disponible,14440,612590416200,Ultra Glutamina – LanderFit – 60 Serv – Recuperación Muscular y Apoyo al Sistema Inmunológico,simple,publish,25.99,,25.99,17,instock,Aminoácidos|Glutamina,tokens,OK
Aminoácidos,Xtend BCAA Original – 90 Serv,$59.99,disponible,18910,,Xtend BCAA Original - 90 Serv - Recuperación Muscular,variable,publish,,,59.99,,instock,Aminoácidos|BCAA,tokens,OK
"Pre-entrenos, intra y post",Beta-Alanine – Evogen,$24.99,disponible,11861,810121056486,Beta-Alanine - Evogen - Resistencia Muscular y  Rendimiento Deportivo,simple,publish,24.99,,24.99,17,instock,Aminoácidos|Complejos de Aminoácidos,tokens,OK
"Pre-entrenos, intra y post",BUM Esencial Performance No-Stim Blue Raspberry,$24.99,disponible,21457,850057175646,BUM ESENCIAL PERFORMANCE NO-STIM BLUE RASPBERRY,simple,publish,49.99,24.99,24.99,196,instock,Descuento Online|Pre-Entrenamientos Sin Estimulantes,tokens,OK
"Pre-entrenos, intra y post",Carbohidratos en Polvo GlycoJect – Evogen,$54.99,disponible,19289,,Carbohidratos en Polvo Evogen - GlycoJect - Energía y Reposición de Glucógeno,variable,publish,,,54.99,,instock,Bombas de Energía / Pump|Pre-Entrenos,tokens,OK
"Pre-entrenos, intra y post",Evogen Hydration,$35.99,disponible,19277,,Evogen Hydration – Electrolitos en Polvo y Voluminizador Muscular Sin Estimulantes,variable,publish,,,35.99,,instock,Bombas de Energía / Pump|Pre-Entrenamientos Sin Estimulantes|Pre-Entrenos,tokens,OK
"Pre-entrenos, intra y post",EVOGEN Xtreme Pre-Entreno Shot,$4.99,disponible,22131,,EVOGEN Xtreme - Pre Entreno - Energia y Rendimiento,variable,publish,,,4.99,,instock,Bebidas Energéticas|Pre-Entrenos,manual,OK
"Pre-entrenos, intra y post",Glycerol – RAW Nutrition,$27.99,disponible,22139,,Glycerol - RAW Nutrition - Pre Entreno Estimulante,variable,publish,,,27.99,,instock,Descuento Online|Pre-Entrenamientos Sin Estimulantes,tokens,OK
"Pre-entrenos, intra y post",Pre Entreno EVP AQ – Evogen,$27.99,disponible,19364,,"Pre Entreno - EVP AQ - Evogen - Energía, Enfoque y Rendimiento",variable,publish,,,27.99,,instock,Descuento Online|Pre-Entrenamientos Sin Estimulantes|Pre-Entrenos,tokens,OK
"Pre-entrenos, intra y post",Pre-Entreno EVP-3D – Evogen,$35.99,disponible,19304,,"Pre-Entreno Evogen EVP-3D - Fuerza, Potencia y Rendimiento",variable,publish,,,35.99,,instock,Descuento Online|Pre-Entrenamientos Sin Estimulantes|Pre-Entrenos,tokens,OK
"Pre-entrenos, intra y post",RAW Essential – Orange,$24.99,disponible,9602,850039445668,RAW-ESSENTIAL - ORANGE,simple,publish,47.99,24.99,24.99,748,instock,Descuento Online|Sin Categoría,tokens,OK
"Pre-entrenos, intra y post",Post Entrenamiento Cell K.E.M. PR v2 – Evogen,$37.99,disponible,19430,,Suplemento Post Entrenamiento Evogen - Cell K.E.M. PR v2 - Recuperación y Rendimiento Físico,variable,publish,,,37.99,,instock,Descuento Online|Aminoácidos|Complejos de Aminoácidos|Creatina|Creatina Monohidratada,tokens,OK
"Pre-entrenos, intra y post",Pre Entreno EVP Xtreme N.O. – Evogen,$49.99,disponible,19402,,Suplemento Pre Entreno Evogen - EVP Xtreme N.O. - Pump y Rendimiento Muscular,variable,publish,,,49.99,,instock,Pre-Entrenamientos Sin Estimulantes|Pre-Entrenos,tokens,OK
Quemadores y diuréticos,CLA 2000 – LanderFit – 120 cáps,$15.99,disponible,9190,612590416057,CLA 2000 - Landerfit - 120 Cápsulas - Apoyo para Reducción de Grasa Corporal,simple,publish,21.99,15.99,15.99,163,instock,Descuento Online|Quemadores de Grasa|Termogénicos y CLA,tokens,OK
Quemadores y diuréticos,Diurético – LanderFit – 40 cáps,$20.13,disponible,9215,799142775432,Diurético – LanderFit – 40 cápsulas – Eliminación de Líquidos y Reducción de Hinchazón,simple,publish,20.13,,20.13,13,instock,Diuréticos|Diuréticos Naturales,tokens,OK
Quemadores y diuréticos,Diurético XPEL – MHP – 80 cáps,$25.99,disponible,8555,666222941004,"Diurético XPEL MHP 80 Cápsulas – Eliminación de Líquidos, Definición y Control de Retención",simple,publish,25.99,,25.99,47,instock,Diuréticos|Diuréticos con Electrolitos,tokens,OK
Quemadores y diuréticos,L-Carnitina Impulse 3500,$29.99,disponible,18869,,L-Carnitina Impulse 3500 - Suplemento para Quema de Grasa,variable,publish,,,29.99,,instock,L-Carnitina Líquida|Quemadores de Grasa,tokens,OK
Quemadores y diuréticos,L-Carnitina Líquida Carnigen Premium – Evogen,$34.99,disponible,19354,,L-Carnitina Líquida - Carnigen Premium - Evogen - Definición y Energía,variable,publish,,,34.99,,instock,Apoyo Metabólico y Control de Peso|L-Carnitina Líquida|Quemadores de Grasa,tokens,OK
Quemadores y diuréticos,Lipo Revolution – LanderFit – 60 cáps,$17.99,disponible,9186,612590416439,LIPO REVOLUTION LANDERFIT 60 CAPS,simple,publish,19.99,17.99,17.99,154,instock,Descuento Online|Termogénicos y CLA,tokens,OK
Quemadores y diuréticos,Lipo Revolution Stim Free – LanderFit – 60 cáps,$17.99,disponible,9175,612590416064,LIPO REVOLUTION STIM FREE LANDERFIT 60 CAPS,simple,publish,20.5,17.99,17.99,151,instock,Descuento Online|Termogénicos y CLA,tokens,OK
Quemadores y diuréticos,Quemador Lipocide IR – Evogen,$39.99,disponible,19734,,Quemador de Grasa - Lipocide IR - Evogen - Apoyo Metabólico y Definición Corporal,variable,publish,,,39.99,,instock,Descuento Online|Quemadores de Grasa|Termogénicos y CLA,tokens,OK
Quemadores y diuréticos,Super Fat Burner – MHP,$19.99,disponible,9723,666222097404,"Super Fat Burner - MHP - Quemador de Grasa Avanzado para Pérdida de Peso, Energía y Definición Muscular",simple,publish,19.99,,19.99,54,instock,Quemadores de Grasa|Termogénicos y CLA,tokens,OK
Quemadores y diuréticos,Yohimbine – Nutricost – 120 cáps,$21.99,disponible,13391,810014679570,Yohimbine - Nutricost - 120 Cápsulas - Apoyo a la Quema de Grasa y Energía,simple,publish,21.99,,21.99,65,instock,Quemadores de Grasa|Salud Hormonal y Testosterona|Salud y Bienestar|Termogénicos y CLA,tokens,OK
"Vitaminas, salud y bienestar",Alpha Lipoic Acid 600 mg – Nutricost,$31.95,disponible,13368,810014671666,Alpha Lipoic Acid 600 mg - Nutricost - 120 Cápsulas - Antioxidante Potente y Mejora del Metabolismo,simple,publish,31.95,,31.95,9,instock,Apoyo Metabólico y Control de Peso|Detox y Salud Hepática|Quemadores de Grasa|Salud y Bienestar|Vitaminas y Minerales|Vitaminas y Minerales Específicos,tokens,OK
"Vitaminas, salud y bienestar",Ashwagandha KSM-66 – Revive,$29.99,disponible,11248,850030689016,Ashwagandha KSM-66 Revive - Reducción del Estrés y Mejora del Enfoque Mental,simple,publish,29.99,,29.99,12,instock,Salud y Bienestar|Sueño y Relajación,tokens,OK
"Vitaminas, salud y bienestar",Body Restore – LanderFit,$22.99,disponible,14413,799142775425,Body Restore – LanderFit – 60 cápsulas – Recuperación Muscular y Reducción del Estrés,simple,publish,22.99,,22.99,16,instock,Detox y Salud Hepática|Salud y Bienestar|Sueño y Relajación,tokens,OK
"Vitaminas, salud y bienestar",Colágeno Hidrolizado – LanderFit,$29.99,disponible,14414,612590415883,"Colágeno Hidrolizado - LanderFit – Sabor Naranja – 30 Serv – Salud de la Piel, Cabello y Articulaciones",simple,publish,32.99,29.99,29.99,57,instock,Descuento Online|Salud Articular y Colágeno|Salud y Bienestar,tokens,OK
"Vitaminas, salud y bienestar",Colágeno Doctor Joint – Impulse,$47.99,disponible,128,703556204808,"Colágeno para Articulaciones Doctor Joint - Impulse - Sabor Tutti Frutti - 52 Serv - Alivia artritis, fortalece tendones y huesos",simple,publish,52.99,47.99,47.99,34,instock,Descuento Online|Salud Articular y Colágeno|Salud y Bienestar,tokens,OK
"Vitaminas, salud y bienestar",CoreShield XR Multivitaminas,$24.99,disponible,14415,703556204785,CoreShield XR - Multivitaminas - Apoyo Integral para Salud General y Energía,simple,publish,24.99,,24.99,23,instock,Multivitamínicos|Vitaminas y Minerales,tokens,OK
"Vitaminas, salud y bienestar",Dtox Desintoxicante Renal – Muscleology,$26.99,disponible,11154,829263227135,Dtox Desintoxicante Renal – Muscleology – 90 Cápsulas – Apoyo natural para hígado y riñones,simple,publish,26.99,,26.99,34,instock,Detox y Salud Hepática|Salud y Bienestar,tokens,OK
"Vitaminas, salud y bienestar",Fiber Orange – LanderFit,$24.99,disponible,22135,612590416682,Fiber Orange - LanderFit - Salud Digestiva y Bienestar,simple,publish,33.99,24.99,24.99,84,instock,Descuento Online|Salud y Bienestar,tokens,OK
"Vitaminas, salud y bienestar",Glucosamina – LanderFit,$20.99,disponible,14421,612590415852,Glucosamina – LanderFit – 120 cápsulas – Salud Articular y Movilidad,simple,publish,20.99,,20.99,36,instock,Salud Articular y Colágeno|Salud y Bienestar,tokens,OK
"Vitaminas, salud y bienestar",Hormonal Balance – LanderFit,$24.99,disponible,14422,799142775449,Hormonal Balance – LanderFit – 90 cápsulas – Equilibrio Hormonal y Bienestar Femenino,simple,publish,24.99,,24.99,52,instock,Salud Hormonal y Testosterona|Salud y Bienestar,tokens,OK
"Vitaminas, salud y bienestar",Melatonina 10 mg – LanderFit,$23.99,disponible,14429,612590416033,Melatonina 10 mg – LanderFit – 120 cápsulas – Mejora del Sueño y Relajación Natural,simple,publish,23.99,,23.99,21,instock,Salud y Bienestar|Sueño y Relajación,tokens,OK
"Vitaminas, salud y bienestar",Melatonina 5 mg – LanderFit,$20.99,disponible,14430,812590416028,Melatonina 5 mg – LanderFit – 120 Tabletas – Sueño Reparador y Relajación Natural,simple,publish,20.99,,20.99,19,instock,Salud y Bienestar|Sueño y Relajación,tokens,OK
"Vitaminas, salud y bienestar",Multi Mineral – Revive,$39.99,disponible,11229,850030689276,Multi Mineral Revive - Suplemento para Salud General y Energía,simple,publish,39.99,,39.99,33,instock,Multivitamínicos|Vitaminas y Minerales,tokens,OK
"Vitaminas, salud y bienestar",Multifase Multivitamínico – LanderFit,$25.99,disponible,14431,612590415777,"Multifase Multivitamínico – LanderFit – 90 cápsulas – Energía, Vitalidad y Apoyo al Sistema Inmunológico",simple,publish,25.99,,25.99,17,instock,Multivitamínicos|Vitaminas y Minerales,tokens,OK
"Vitaminas, salud y bienestar",Multivitamínico Activite Sport – MHP,$41.80,disponible,11831,666222007984,Multivitamínico Deportivo Activite Sport - MHP - 120 Tabletas - Nutrición Completa y Energía Duradera,simple,publish,41.8,,41.8,8,instock,Multivitamínicos|Vitaminas y Minerales,tokens,OK
"Vitaminas, salud y bienestar",NAC – Nutricost – 120 cáps,$34.99,disponible,13381,810014675367,NAC - Nutricost - 120 Cápsulas - Apoyo Respiratorio y Desintoxicación Hepática,simple,publish,34.99,,34.99,45,instock,Detox y Salud Hepática|Salud y Bienestar,tokens,OK
"Vitaminas, salud y bienestar",NAC – Nutricost – 30 cáps,$19.99,disponible,13382,810139574149,NAC - Nutricost - 30 Cápsulas - Apoyo Respiratorio y Desintoxicación Hepática,simple,publish,19.99,,19.99,15,instock,Detox y Salud Hepática|Salud y Bienestar,tokens,OK
"Vitaminas, salud y bienestar",NAC – Revive,$29.99,disponible,11247,850030689467,NAC Revive - Antioxidante y Apoyo al Sistema Respiratorio,simple,publish,29.99,,29.99,16,instock,Detox y Salud Hepática|Salud y Bienestar,tokens,OK
"Vitaminas, salud y bienestar",Omega 3 – LanderFit,$20.99,disponible,9200,612590416019,Omega 3 – Landerfit - Salud Cardiovascular y Cerebral,simple,publish,25.99,20.99,20.99,191,instock,Descuento Online|Salud Cardiovascular y Omega 3|Salud y Bienestar,tokens,OK
"Vitaminas, salud y bienestar",OptiZinc – Revive,$20.99,disponible,11224,850030689153,OptiZinc Revive - 60 Cápsulas - Suplemento para Salud de la Piel y Sistema Inmunológico,simple,publish,20.99,,20.99,16,instock,Salud Hormonal y Testosterona|Salud y Bienestar|Vitaminas y Minerales|Vitaminas y Minerales Específicos,tokens,OK
"Vitaminas, salud y bienestar",R-Alpha Lipoic Acid – Nutricost,$31.95,disponible,13383,810014674001,R-Alpha Lipoic Acid - Nutricost - 120 Cápsulas - Antioxidante Potente y Apoyo Metabólico,simple,publish,31.95,,31.95,8,instock,Detox y Salud Hepática|Salud y Bienestar|Vitaminas y Minerales|Vitaminas y Minerales Específicos,tokens,OK
"Vitaminas, salud y bienestar",RAW Sleep,$32.99,disponible,19000,,RAW Sleep - Mejora del Sueño Reparador y Relajación,variable,publish,,,32.99,,instock,Salud y Bienestar|Sueño y Relajación|Vitaminas y Minerales|Vitaminas y Minerales Específicos,tokens,OK
"Vitaminas, salud y bienestar",Resveratrol – Nutricost,$39.99,disponible,13384,810014679488,Resveratrol - Nutricost - 120 Cápsulas - Antioxidante Potente y Salud Cardiovascular,simple,publish,39.99,,39.99,9,instock,Salud Cardiovascular y Omega 3|Salud y Bienestar|Vitaminas y Minerales|Vitaminas y Minerales Específicos,tokens,OK
"Vitaminas, salud y bienestar",Salud del Hígado – Revive,$54.99,disponible,11230,850030689252,Suplemento para Salud del Hígado - Revive - Salud Hepática y Detoxificación,simple,publish,54.99,,54.99,19,instock,Detox y Salud Hepática|Salud y Bienestar,tokens,OK
"Vitaminas, salud y bienestar",Saw Palmetto 500 mg – LanderFit,$22.99,disponible,14439,799142775340,Saw Palmetto 500 mg – LanderFit – 100 cápsulas – Salud Prostática y Equilibrio Hormonal,simple,publish,22.99,,22.99,21,instock,Salud Hormonal y Testosterona|Salud y Bienestar,tokens,OK
"Vitaminas, salud y bienestar",Reds & Greens – LanderFit,$29.99,disponible,19963,,Suplemento Reds & Greens – LanderFit - Energía Natural y Detoxificación,variable,publish,,,29.99,,instock,Detox y Salud Hepática|Multivitamínicos|Salud y Bienestar|Vitaminas y Minerales,tokens,OK
"Vitaminas, salud y bienestar",Testolander Booster – LanderFit,$20.99,disponible,11875,612590416088,TESTOLANDER BOOSTER LANDERFIT 120 CAPSULAS,simple,publish,35,20.99,20.99,334,instock,Descuento Online|Salud Hormonal y Testosterona,tokens,OK
"Vitaminas, salud y bienestar",Tribulus Terrestris – LanderFit,$22.99,disponible,9208,612590416071,"Tribulus Terrestris – LanderFit – 90 cápsulas –  Potencia, Vitalidad y Equilibrio Hormonal",simple,publish,22.99,,22.99,10,instock,Salud Hormonal y Testosterona|Salud y Bienestar,tokens,OK
"Vitaminas, salud y bienestar",Vitamina C 1000 mg – LanderFit,$12.99,disponible,9214,612590416446,Vitamina C – LanderFit – 1000 mg –  Defensa Inmunológica y Antioxidante,simple,publish,21.99,12.99,12.99,161,instock,Descuento Online|Vitaminas y Minerales|Vitaminas y Minerales Específicos,tokens,OK
"Vitaminas, salud y bienestar",Vitamina D3 5000 IU – Evogen,$19.99,disponible,11858,810121055113,"Vitamina D3 5000 IU - Evogen - Salud Ósea, Inmunidad y Bienestar General",simple,publish,19.99,,19.99,28,instock,Salud Articular y Colágeno|Salud y Bienestar|Vitaminas y Minerales|Vitaminas y Minerales Específicos,tokens,OK
"Vitaminas, salud y bienestar",Vitamina D3 – Revive,$20.99,disponible,11255,850030689450,Vitamina D3 Revive - Apoyo al Sistema Inmunológico y Salud Ósea,simple,publish,20.99,,20.99,45,instock,Vitaminas y Minerales|Vitaminas y Minerales Específicos,tokens,OK
"Vitaminas, salud y bienestar",Vitamina E – Nutricost,$19.99,disponible,13390,810139574361,Vitamina E - Nutricost - 30 Cápsulas - Antioxidante y Salud de la Piel,simple,publish,19.99,,19.99,20,instock,Vitaminas y Minerales|Vitaminas y Minerales Específicos,tokens,OK
Bebidas energéticas,Bebida Energética Optimum Nutrition – Pack 12,$43.20,disponible,19081,,Bebida Energetica - Optimum Nutrition - Pack de 12 - Energía y Recuperación,variable,publish,,,43.20,,instock,Bebidas Energéticas|Snacks y Bedidas,tokens,OK
Bebidas energéticas,C4 Performance Energy 16 oz,$45.60,disponible,20464,,"Bebida Energética C4 Performance Energy - 16 oz - Pack de 12 - Energía, Enfoque y Rendimiento Diario",variable,publish,,,45.60,,instock,Bebidas Energéticas|Snacks y Bedidas,tokens,OK
Bebidas energéticas,C4 Ultimate Energy 16 oz – Pack 12,$45.60,disponible,20442,,"Bebida Energética C4 Ultimate Energy - 16 oz - Pack de 12 - Energía, Enfoque y Rendimiento Físico",variable,publish,,,45.60,,instock,Bebidas Energéticas|Snacks y Bedidas,tokens,OK
Bebidas energéticas,C4 Ultimate Energy Carb WWP 16 oz,$3.80,disponible,20430,,"Bebida Energética C4 Ultimate Energy Carb WWP - 16 oz - Pack de 12 - Energía, Resistencia y Rendimiento Físico",variable,publish,,,3.80,,instock,Bebidas Energéticas|Snacks y Bedidas,tokens,OK
EN WOO NO EN AUDITOR,,,,19342,,"Pre Entreno EVP Xtreme Victory - Evogen - Energía, Fuerza y Rendimiento Deportivo",variable,publish,,,35.99,,outofstock,Descuento Online|Pre-Entrenamientos Estimulantes|Pre-Entrenos,,Oculto de la tienda (agotado)
EN WOO NO EN AUDITOR,,,,18941,,Ganador de Masa Magra Lean Gainer - Forzagen - 12 LBS - Aumento de Masa Muscular,variable,publish,,,79.99,,outofstock,Ganadores de Masa / Mass Gainer|Proteínas,,Oculto de la tienda (agotado)
EN WOO NO EN AUDITOR,,,,18963,,Proteína Nitro Tech Ripped - MuscleTech - 4 LBS - Quema de Grasa y Aumento de Masa Muscular,variable,publish,,,,,outofstock,Proteína de Suero / Whey Protein|Proteínas,,Oculto de la tienda (agotado)
EN WOO NO EN AUDITOR,,,,18917,,Pre-entrenamiento - Cellucor C4 Original - 60 Serv - Energía y Enfoque,variable,publish,,,49.99,,outofstock,Pre-Entrenamientos Estimulantes|Pre-Entrenos,,Oculto de la tienda (agotado)
EN WOO NO EN AUDITOR,,,,13377,810139574170,Citrato de Magnesio - Nutricost - 60 Cápsulas - Relajación Muscular y Salud Ósea,simple,publish,19.99,,19.99,0,outofstock,Salud Hormonal y Testosterona|Salud y Bienestar|Sueño y Relajación|Vitaminas y Minerales|Vitaminas y Minerales Específicos,,Oculto de la tienda (agotado)
EN WOO NO EN AUDITOR,,,,13387,810014675435,Vitamina B12 - Nutricost - 240 Cápsulas - Energía Natural y Apoyo al Sistema Nervioso,simple,publish,22.99,,22.99,0,outofstock,Vitaminas y Minerales|Vitaminas y Minerales Específicos,,Oculto de la tienda (agotado)
EN WOO NO EN AUDITOR,,,,13373,810014671659,CoQ10 100 mg - Nutricost - 60 Cápsulas - Salud Cardiovascular y Energía Celular,simple,publish,25.99,,25.99,0,outofstock,Detox y Salud Hepática|Salud Cardiovascular y Omega 3|Salud y Bienestar,,Oculto de la tienda (agotado)
EN WOO NO EN AUDITOR,,,,12945,745560721971,Raptor X5 - Impulse - Sabor Fruit Punch - Suplemento Pre-Entreno para Energía y Rendimiento,simple,publish,28.31,,28.31,0,outofstock,Pre-Entrenamientos Estimulantes|Pre-Entrenos,,Oculto de la tienda (agotado)
EN WOO NO EN AUDITOR,,,,10709,860007448966,RAW TEST - Aumento de Testosterona y Rendimiento Deportivo,simple,publish,64.99,,64.99,0,outofstock,Salud Hormonal y Testosterona|Salud y Bienestar,,Oculto de la tienda (agotado)
EN WOO NO EN AUDITOR,,,,11242,850030689283,Vitamin K2 & D3 Revive - Salud Ósea y Función Inmunológica,simple,publish,20.99,,20.99,1,outofstock,Salud Cardiovascular y Omega 3|Salud y Bienestar|Vitaminas y Minerales|Vitaminas y Minerales Específicos,,Oculto de la tienda (agotado)
EN WOO NO EN AUDITOR,,,,9203,799142775395,"Muscle Pump – LanderFit – Sabor Fruit Punch – Energía, Fuerza y Congestión Muscular",simple,publish,29.99,,29.99,0,outofstock,Bombas de Energía / Pump|Pre-Entrenos,,Oculto de la tienda (agotado)
EN WOO NO EN AUDITOR,,,,9546,850046504723,Tribulus 1400 - Nutrex - 90 Cápsulas - Aumento de Testosterona y Energía Física,simple,publish,29.99,,29.99,0,outofstock,Salud Hormonal y Testosterona|Salud y Bienestar,,Oculto de la tienda (agotado)
EN WOO NO EN AUDITOR,,,,9152,612590416606,Proteína de Mujer - Landerfit - Sabor Chocolate Brownie - 2.04 LBS - Fórmula para Mujeres,simple,publish,49.99,,49.99,0,outofstock,Proteína para Mujer|Proteínas,,Oculto de la tienda (agotado)
EN WOO NO EN AUDITOR,,,,93,745560722206,Thermoblast M5 - Impulse - 120 Cápsulas - Quemador de Grasa para Hombre,simple,publish,25.99,,25.99,0,outofstock,Quemadores de Grasa|Termogénicos y CLA,,Oculto de la tienda (agotado)
