Titulo;Keyword Focus;Meta Description;Productos Recomendados (SKU);Categoria
Creatina para mujeres: Lo que la ciencia 2026 revela sobre fuerza y cerebro;creatina para mujeres;Descubre los nuevos estudios sobre creatina en mujeres: beneficios para fuerza, composicion corporal y funcion cognitiva. Mitos y verdades.;703556204938;Creatina
Whey vs Proteina Vegetal: Cual es mejor para tus objetivos en Panama?;whey vs proteina vegetal;Comparativa completa entre proteina whey y vegetal. Beneficios, diferencias y cual elegir segun tu objetivo en Panama.;810121050286;Proteinas
Magnesio: El mineral que transforma tu sueno y recuperacion muscular;magnesio para dormir;El magnesio es tendencia en TikTok por sus beneficios para el sueno y recuperacion. Descubre que tipo tomar y por que.;;Salud y Bienestar
Guia Completa de Creatina 2026: Todo lo que necesitas saber;guia creatina;La guia mas completa sobre creatina en espanol. Beneficios, dosis, tipos, mitos y verdades basados en ciencia.;850030689276;Creatina
Pre-entrenos sin estimulantes (Non-Stim): La guia definitiva;pre entreno sin estimulantes;Los pre-entrenos sin estimulantes son la tendencia 2026. Conoce sus beneficios, ingredientes clave y como elegir el mejor.;850057175646;Pre-Entrenos
BCAA vs EAA: Cual deberias tomar segun tu entrenamiento?;bcaa vs eaa;Diferencia entre BCAA y EAA. Cual necesitas segun tu tipo de entrenamiento y objetivos. Guia completa con recomendaciones.;650076635196;Aminoacidos
Creatina para el cerebro: Beneficios cognitivos que no conocias;creatina beneficios cognitivos;La creatina no solo sirve para el musculo. Nuevos estudios revelan sus beneficios para la memoria, concentracion y salud cerebral.;703556204938;Creatina
Tipos de Proteina: Whey Concentrado, Isolate e Hidrolizado;tipos de proteina whey;Conoce las diferencias entre whey concentrado, isolate e hidrolizado. Cual elegir segun tu presupuesto y objetivos.;810121050286;Proteinas
Donde comprar suplementos originales en Panama? Guia 2026;donde comprar suplementos en panama;Guia para identificar y comprar suplementos originales en Panama. Evita falsificaciones y compra con confianza.;;Guia local
Top 10 suplementos basados en evidencia cientifica 2026;mejores suplementos;Los 10 suplementos con mas respaldo cientifico segun estudios 2026. De la creatina al magnesio, ranking actualizado.;703556204938;General
