email,status,nombre,whatsapp,fecha_optin
"agenciadigitalterceracto@gmail.com","subscribed","agenciadigitalterceracto@gmail.com ","","2024-07-25T04:09:50+00:00"
"jjean1661@gmail.com","subscribed"," ","","2024-07-26T19:17:41+00:00"
"joel76346@gmail.com","subscribed"," ","","2024-07-31T23:39:58+00:00"
"didimotrejos5@gmail.com","subscribed"," ","","2024-08-07T20:47:05+00:00"
"franciscobarreiro12@gmail.com","subscribed"," ","","2024-10-02T16:43:00+00:00"
"Jjovane@gmail.com","subscribed"," ","","2024-09-12T14:22:07+00:00"
"ja.panama@mailo.com","subscribed"," ","","2024-09-13T19:51:47+00:00"
"lexdom21@gmail.com","subscribed"," ","","2024-10-13T16:45:19+00:00"
"dapena5793@gmail.com","subscribed"," ","","2024-10-25T02:46:09+00:00"
