SKU,SP El Cangrejo,SP Metromall,SP Megapolis,SP Atrio Mall,SP San Francisco,SP Altos de Panamá
0080445,0,0,0,0,0,0
0080518,0,0,0,0,0,0
039442030146,0,0,0,0,0,0
039442033529,0,0,0,0,0,0
040232182907,0,0,0,0,0,0
040232585388,0,0,0,0,0,0
181030000144,1,0,0,5,3,0
181030000151,0,0,0,0,0,0
181030000168,0,0,0,0,0,0
181030000175,0,0,0,0,0,0
5056555201725,11,0,26,15,0,0
5056555201732,0,0,0,1,0,0
5056555202999,0,0,9,0,0,0
5056555204368,0,0,0,0,0,0
5060424705467,0,0,0,0,0,0
5060424707041,0,1,2,0,0,0
5060424707058,13,1,7,1,0,0
5060756342781,1,1,0,0,0,0
5060756348172,5,2,4,0,0,0
5060756348332,0,1,0,0,1,0
506075638349,0,2,0,0,1,0
6009544936824,0,0,0,0,0,0
6009544936848,0,0,0,0,0,0
6009544941668,60,0,0,0,0,0
6009544944560,0,0,0,0,0,0
6009544944584,0,0,0,0,0,0
6009544944621,0,0,0,0,0,0
6009544944645,0,0,0,0,0,0
6009544947608,0,0,0,0,0,0
6009544954132,0,0,0,0,0,0
6009544954170,0,0,0,0,0,0
607766541022,33,105,109,47,0,2
608631655271,0,0,0,0,0,0
608631655288,0,0,0,0,0,0
608631655424,6,1,0,0,0,2
608631655431,14,4,0,3,1,1
608631655486,23,4,20,8,1,2
611355572045,0,0,0,0,0,0
611355572052,0,0,0,0,0,0
611355572151,0,0,0,0,0,0
611355572168,0,0,0,0,0,0
611355572175,0,0,0,0,0,0
612590415777,9,4,0,4,0,0
612590415838,6,6,5,6,3,2
612590415845,6,6,6,6,2,2
612590415852,4,5,11,4,6,6
612590415883,1,5,10,21,1,6
612590415920,0,0,0,0,0,0
612590415975,0,0,0,0,0,0
612590415982,0,0,0,0,0,0
612590416002,0,0,0,0,0,0
612590416019,1,19,7,4,4,5
612590416033,6,2,7,3,2,1
612590416040,0,0,0,0,0,0
612590416057,8,10,12,12,6,6
612590416064,10,8,9,12,6,6
612590416071,6,0,0,0,3,1
612590416088,4,10,10,12,6,5
612590416101,0,0,0,0,0,0
612590416118,0,0,0,0,0,0
612590416163,0,0,0,0,0,0
612590416170,0,0,0,0,0,0
612590416200,7,6,0,3,1,0
612590416224,0,0,0,0,0,0
612590416231,0,0,0,0,0,0
612590416248,0,0,0,0,0,0
612590416255,0,0,0,0,0,0
612590416262,0,0,0,0,0,0
612590416293,6,6,6,6,2,2
612590416309,0,0,0,0,0,0
612590416378,0,0,0,0,0,0
612590416385,0,0,0,0,0,0
612590416392,0,0,0,0,0,0
612590416439,8,11,11,12,5,5
612590416446,15,0,12,2,0,0
612590416606,0,0,0,0,0,0
612590416644,2,6,2,4,0,2
612590416651,3,1,0,2,2,2
612590416668,5,6,6,6,2,2
612590416675,6,4,3,3,2,2
612590416682,6,6,6,6,3,3
612590417733,0,0,0,0,0,0
612590417740,0,0,0,0,0,0
628081005341,0,0,0,0,0,0
628081005358,0,0,0,0,0,0
628081005365,0,0,0,0,0,0
628081005372,0,0,0,0,0,0
628081005389,0,0,0,0,0,0
628081005396,0,0,0,0,0,0
628081005563,0,0,0,0,0,0
628081005587,0,0,0,0,0,0
628081005594,0,0,0,0,0,0
628081005600,0,0,0,0,0,0
631656259957,0,0,0,0,0,0
631656603118,0,0,0,1,2,0
631656610444,0,0,0,0,0,0
631656703214,0,0,0,0,0,0
631656703245,0,0,0,0,0,0
631656703252,0,0,0,0,0,0
631656703283,0,0,0,0,0,0
631656703290,0,0,0,0,0,0
631656703313,0,0,0,0,0,0
631656705737,0,0,0,0,0,0
631656708172,0,0,0,0,0,0
631656709445,0,0,0,0,0,0
631656709568,0,0,0,0,0,0
631656709575,0,0,0,0,0,0
631656710519,0,0,0,0,0,0
631656716962,5,0,0,0,4,0
631656716979,0,0,0,0,0,0
631656716986,0,0,0,0,0,0
644225727139,0,2,0,0,1,0
644225727382,0,0,0,0,2,0
644225727733,0,0,0,0,0,0
644225727832,0,0,0,0,0,0
650076635196,6,22,1,5,7,3
650076635202,7,7,2,0,6,4
650076635219,20,8,4,16,4,8
650076635226,22,13,12,11,5,18
650076635233,0,0,0,0,0,0
650076635257,9,9,7,28,1,2
650076635264,10,5,4,3,2,1
65007665240,0,1,3,6,0,1
659153877009,0,0,0,0,0,0
666222007984,3,0,0,0,0,0
666222093741,0,0,0,0,0,0
666222097404,13,6,0,8,5,4
666222941004,2,1,2,3,0,4
666222942018,0,0,0,0,0,0
703556204730,1,0,0,0,0,0
703556204747,0,0,0,0,0,0
703556204751,0,0,0,0,0,0
703556204785,4,0,5,8,0,1
703556204808,2,7,3,4,2,5
703556204815,31,3,12,2,0,2
703556204822,13,3,5,4,2,1
703556204839,0,0,0,0,0,0
703556204846,23,0,11,0,0,0
703556204907,8,12,0,0,6,0
703556204938,0,2,0,2,2,0
705016353132,0,0,0,0,0,0
705016353156,0,0,0,0,0,0
705016353170,0,0,0,0,0,0
705016353187,0,0,0,0,0,0
705016353200,0,0,0,0,0,0
705016353217,18,66,3,10,3,2
705016353231,4,0,0,0,0,0
705016353415,0,0,3,0,0,0
705016353422,0,0,0,0,0,0
705016353439,3,1,0,8,0,0
705016353446,1,0,0,0,0,0
705016354207,8,3,0,0,0,0
705016356201,0,0,0,0,0,0
705016357208,0,0,0,0,0,0
705016358205,2,3,5,5,1,3
705016500406,0,0,0,0,0,0
705016500420,5,1,0,8,2,0
705016599141,0,0,0,0,0,0
705016600205,0,0,0,0,0,0
705016600335,0,0,0,0,0,0
705016600342,0,0,0,0,0,0
705016600359,0,0,0,0,0,0
705016600366,0,0,0,0,0,0
705016600540,17,13,8,9,3,8
705016601042,11,20,8,13,3,6
705016601141,0,0,0,0,0,0
710779770089,55,39,30,8,23,5
710779770096,30,31,17,8,21,15
710779770102,16,14,15,5,14,17
710779770171,23,28,23,2,2,23
710779770218,15,23,21,16,8,9
7113101732151,0,1,1,3,1,1
713101731994,0,0,0,0,0,0
713101732007,3,4,12,3,0,2
713101732014,0,0,0,0,0,0
713101732021,0,0,0,0,0,0
713101732038,23,1,6,3,4,1
713101732045,14,4,6,0,1,2
713101732076,3,0,2,2,0,1
713101732106,3,4,7,4,0,0
713101732113,8,0,0,4,1,1
713101732120,0,0,0,0,0,0
713101732137,0,1,3,3,1,0
713101732144,0,0,1,2,1,1
713325974009,0,0,0,5,0,0
722252069719,0,0,0,0,0,0
722252601414,0,0,0,0,1,0
722252601445,0,0,0,0,0,0
7401165100018,0,4,3,0,0,0
7401165100032,0,5,1,0,0,0
7451009770051,50,228,85,116,0,0
745560721971,0,0,0,0,0,0
745560722008,0,0,0,0,0,0
745560722015,7,9,11,14,5,6
745560722022,0,0,0,0,3,0
745560722030,2,0,0,0,0,0
745560722039,0,0,0,0,0,0
745560722053,0,0,0,0,0,0
745560722084,0,0,0,0,0,0
745560722091,1,0,3,11,0,6
745560722138,18,5,10,6,1,1
745560722145,9,7,29,12,0,3
745560722152,17,4,19,1,0,2
745560722169,0,0,0,0,0,0
745560722176,17,4,19,5,0,2
745560722183,1,0,0,0,0,0
745560722206,0,0,0,0,0,0
745560722213,1,0,4,0,0,0
746477745371,0,0,0,0,0,0
748927022902,0,1,0,3,1,1
748927022940,6,4,2,1,3,3
748927022995,0,0,0,0,0,0
748927023008,0,0,0,0,0,0
748927023138,0,0,0,0,0,0
748927023190,5,4,9,5,3,3
748927023374,11,3,9,3,3,3
748927023800,0,0,0,0,0,0
748927023824,0,0,0,0,0,0
748927023848,14,21,7,44,5,7
748927024128,0,0,0,0,0,0
748927025255,2,1,1,0,0,0
748927026658,6,3,4,0,1,0
748927026665,4,4,4,3,0,0
748927026672,8,2,0,4,0,0
748927026825,0,0,2,1,2,0
748927028614,0,0,16,6,0,0
748927028652,0,1,0,0,0,0
748927028669,19,6,26,46,1,5
748927028706,14,1,0,9,0,3
748927051308,6,4,3,6,3,3
748927051698,5,3,0,2,1,0
748927051704,3,2,3,0,0,0
748927054002,1,3,3,0,2,0
748927055351,0,0,0,0,0,0
748927059144,0,0,0,0,0,0
748927060133,0,0,0,0,0,0
748927060140,0,0,0,0,0,0
748927060522,7,2,0,0,1,1
748927060607,18,0,0,0,6,0
748927060614,18,32,12,142,20,9
748927060621,11,46,14,134,20,11
748927060638,4,45,13,115,21,7
748927062113,3,0,0,0,0,0
748927062731,1,52,8,138,8,8
748927062748,13,41,12,142,17,8
748927063486,62,69,26,149,22,10
748927063646,1,0,0,0,0,0
748927064988,4,5,3,10,0,5
748927066005,0,0,0,0,0,0
748927066586,102,22,35,56,10,23
748927066593,0,0,0,1,25,0
748927068238,1,4,2,2,0,1
748927068269,31,57,20,117,26,11
748927069068,0,0,0,0,0,0
748927069662,3,1,5,3,1,1
748927069792,6,3,5,7,0,9
748927069815,45,25,9,31,0,15
749826126449,7,0,0,0,0,0
749826126487,9,0,0,0,0,0
749826126517,4,0,0,0,0,0
7500634000528,0,10,6,0,0,0
7500634001853,0,0,0,0,0,0
7500634002065,0,0,0,0,0,0
75016600694,0,0,0,0,1,0
7503013595776,1,1,0,0,0,0
7503013595844,0,0,0,0,0,0
7503013595868,0,0,0,0,1,2
7503018110141,0,0,0,0,0,0
7503018110158,0,0,0,0,0,0
7503018110318,0,0,0,0,0,0
7503018110479,9,4,0,0,0,0
7503018110578,0,0,0,0,0,0
7503018110950,0,0,0,0,0,0
7503018110951,0,0,0,0,0,0
7503029522926,0,0,0,0,0,0
7503029522942,0,0,0,42,0,0
7503029522944,-1,0,0,43,0,0
7503029522945,-3,0,0,33,0,0
7503029522946,-1,0,0,12,0,0
7503029522947,0,0,0,21,0,0
7503029522948,-2,0,0,39,0,0
7503029522949,0,0,0,0,0,0
7503029522951,-4,0,0,4,0,0
7503029522952,0,0,0,43,0,0
7503029522953,-1,0,0,32,0,0
7503029522954,-6,0,0,21,0,0
7503029522955,0,0,0,0,0,0
7503029522956,-3,0,0,97,0,0
7503029522957,0,0,0,1,0,0
7503029522958,0,0,0,0,0,0
7503029522959,10,5,10,5,0,3
7503029522961,0,0,0,0,0,0
7503029522982,0,0,0,20,0,0
7503029522983,0,0,0,8,0,0
7503029522984,0,0,0,6,0,0
7503029522985,0,0,0,35,0,0
7503029522986,0,0,0,26,0,0
7503029522987,0,0,0,30,0,0
7503029522988,0,0,0,29,0,0
7503029522989,0,0,0,30,0,0
7503029522990,0,0,0,27,0,0
7503029522993,0,0,0,7,0,0
7503029522994,0,0,0,49,0,0
7503029522995,0,0,0,48,0,0
7503029522998,0,0,0,30,0,0
7503029522999,0,0,0,50,0,0
7503029523000,0,0,0,50,0,0
7503029523005,11,1,1,2,0,1
7503029523006,6,0,0,1,1,0
75030295522933,0,0,0,0,0,0
75030295522934,0,0,0,0,0,0
75030295522935,1,1,2,1,2,2
75030295522936,2,2,1,2,2,0
75030295522937,1,2,2,2,2,2
75030295522938,0,0,0,46,0,0
75030295522939,24,0,0,0,0,0
75030295522940,30,0,0,0,0,0
75030295522941,33,0,0,0,0,0
75030295522942,142,0,0,0,0,0
75030295522943,50,0,0,0,0,0
75030295522944,40,0,0,0,0,0
75030295522945,89,0,0,0,0,0
75030295522946,87,0,0,0,0,0
75030295522949,0,0,0,18,0,0
75030295522950,0,0,0,21,0,0
75030295522951,44,0,0,0,0,0
75030295522952,114,0,0,0,0,0
75030295522953,88,0,0,0,0,0
75030295522954,83,0,0,0,0,0
75030295522955,28,0,0,0,0,0
75030295522956,33,0,0,0,0,0
75030295522957,0,0,0,0,0,0
75030295522958,0,0,0,63,0,0
75030295522959,65,0,0,0,0,0
75030295522960,0,30,0,0,0,0
753656701202,0,0,0,0,0,0
753656701271,0,0,0,0,0,0
764009041395,1,0,0,2,0,0
764009041401,16,0,2,3,0,0
764009041432,1,0,0,2,0,0
78656000000,13,14,10,22,9,22
786560000642,4,14,19,20,8,22
786560153126,6,6,3,18,7,21
799142775005,0,0,0,0,1,0
799142775340,7,0,5,3,3,3
799142775371,0,0,0,0,0,0
799142775388,0,0,0,0,0,0
799142775395,0,0,0,0,0,0
799142775425,1,0,3,5,3,3
799142775432,12,0,0,0,1,0
799142775449,16,7,12,6,5,6
8000070074583,0,0,0,29,0,0
810014671574,0,0,0,0,0,0
810014671598,0,0,0,2,0,0
810014671659,0,0,0,0,0,0
810014671666,0,0,4,2,1,2
810014673165,0,0,0,1,0,0
810014674001,2,0,4,1,0,1
810014674834,7,2,2,7,0,1
810014675275,0,0,0,0,0,0
810014675282,9,1,7,2,0,2
810014675367,4,2,2,4,2,2
810014675435,0,0,0,0,0,0
810014678627,3,0,8,6,2,2
810014679426,0,0,0,2,0,0
810014679488,1,0,2,5,0,1
810014679563,0,0,0,0,0,0
810014679570,5,5,8,4,1,2
810069201535,33,55,7,23,7,10
810121050286,15,12,12,71,1,9
810121050798,1,1,0,0,1,1
810121051177,3,2,2,1,2,2
810121051290,5,6,3,6,2,4
810121051306,6,5,4,3,3,3
810121052105,0,0,0,0,0,0
810121053232,5,0,2,1,0,0
810121053553,0,0,0,0,0,0
810121053560,2,0,0,0,0,0
810121053737,0,0,0,0,0,0
810121053812,2,0,0,0,1,2
810121053966,0,0,0,1,0,0
810121053980,4,0,1,1,0,0
810121053997,1,0,0,0,0,0
810121054000,0,0,0,0,0,0
810121054390,0,0,0,0,0,0
810121054857,1,1,0,1,0,0
810121055113,10,4,5,5,2,2
810121055274,0,0,0,0,0,0
810121055298,9,0,0,0,1,1
810121055311,1,2,1,1,2,1
810121055328,2,2,2,1,2,10
810121055755,0,0,0,1,0,0
810121055908,1,2,3,0,1,0
810121055953,0,0,0,0,0,0
810121055960,0,0,0,2,0,0
810121056059,49,11,10,5,24,12
810121056066,53,11,12,9,24,14
810121056073,53,11,8,7,24,17
810121056141,0,0,3,0,0,1
810121056158,0,0,0,0,0,1
810121056417,0,0,0,0,0,0
810121056455,1,0,0,0,0,0
810121056462,0,0,0,0,0,0
810121056486,0,0,5,0,0,1
810121056493,0,0,0,0,0,0
810121056660,0,0,0,0,0,0
810121056684,0,0,0,0,0,0
810121056707,0,0,0,0,1,0
810121056714,0,0,0,0,0,0
810121056721,0,0,0,0,0,0
810121056738,0,0,0,0,1,0
810121056899,1,0,0,0,1,0
810121057001,3,0,2,0,0,0
810121057018,0,0,1,0,0,1
810121057254,0,0,0,1,0,1
810121057261,1,0,0,1,0,0
810121057940,1,1,0,1,0,0
8101210579694,4,1,1,1,0,0
8101210579695,15,0,865,910,17,842
8101210579699,0,0,0,1051,0,0
8101210579700,0,0,0,246,0,0
8101210579701,0,0,0,24,0,0
8101210579702,0,0,0,19,0,0
8101210579703,0,0,0,1,0,0
8101210579704,0,0,0,23,0,0
8101210579705,0,0,0,56,0,0
8101210579706,0,0,0,39,0,0
8101210579707,0,0,0,5,0,0
8101210579708,0,0,0,78,0,0
8101210579709,0,0,0,0,0,0
810121057971,4,1,1,1,0,1
8101210579710,0,0,0,10,0,0
8101210579711,0,0,0,0,0,0
8101210579712,0,0,0,34,0,0
8101210579713,0,0,0,0,0,0
8101210579714,0,0,0,52,0,0
8101210579715,0,0,0,21,0,0
8101210579716,0,0,0,39,0,0
8101210579717,0,0,0,0,0,0
8101210579718,0,72,0,0,0,0
8101210579719,0,53,0,0,0,0
8101210579720,0,47,0,0,0,0
8101210579721,0,51,0,0,0,0
8101210579722,0,57,0,0,0,0
8101210579723,0,47,0,0,0,0
8101210579724,0,82,0,0,0,0
8101210579725,0,87,0,0,0,0
8101210579726,0,15,0,0,0,0
8101210579727,0,0,0,0,0,0
8101210579728,0,292,0,0,0,0
8101210579729,0,518,0,0,0,0
8101210579730,0,47,0,0,0,0
8101210579731,0,0,0,0,0,0
8101210579732,0,6,0,0,0,0
8101210579733,0,48,0,0,0,0
8101210579734,0,38,0,0,0,0
8101210579735,0,0,0,41,0,0
8101210579736,0,12,0,0,0,0
810121057988,0,1,1,0,0,0
810121057995,2,1,1,1,1,1
810121058015,0,1,2,0,1,0
810121058695,0,1,0,0,0,0
810121058701,5,0,2,1,0,1
810121058732,9,4,3,8,3,5
810121058954,4,1,1,0,0,0
810121058961,4,1,0,0,1,4
810121058978,1,1,1,0,0,0
810121059265,2,2,2,1,2,2
810139571384,1,3,3,2,5,2
810139571391,0,0,0,0,0,0
810139572350,2,0,0,3,0,0
810139572534,0,0,0,0,0,0
810139572879,3,2,6,3,1,2
810139573739,0,0,0,2,0,0
810139574088,5,2,3,5,1,3
810139574149,1,0,6,6,2,0
810139574170,0,0,0,0,0,0
810139574361,8,0,5,7,0,0
810139576402,3,2,7,6,2,2
810193920852,2,2,3,1,1,1
810193923020,0,2,0,2,0,0
810205800769,0,2,2,2,2,2
810390025824,0,0,0,0,0,0
810390028313,0,0,1,6,1,1
810390028320,0,0,0,4,0,1
810390028344,0,0,0,6,0,2
811213024840,0,0,0,0,0,0
811213027094,0,0,0,0,0,0
811213027117,0,0,0,0,0,0
811213027513,9,9,4,24,1,0
811445020405,0,0,1,0,0,0
811445021105,0,0,0,0,0,0
811445021389,0,0,0,0,0,0
811662020172,2,6,7,0,0,0
811662021742,5,6,4,6,3,2
811662021759,7,6,6,6,3,3
811662029489,3,4,0,4,3,2
811662029496,3,3,3,5,3,0
811662029502,3,8,1,4,3,0
812135021658,0,0,0,0,0,0
812135021665,0,0,0,4,0,0
812590416026,0,0,6,0,0,0
817189020176,5,0,1,1,0,0
817189020190,4,0,1,0,0,1
817189020206,1,0,0,0,1,1
817189020213,0,0,0,0,0,0
817189020237,0,0,0,0,0,0
817189020510,1,0,0,0,0,0
817189022743,1,0,0,0,0,0
817189022750,0,0,0,0,0,0
817189024242,0,0,0,0,0,0
817189024389,0,0,0,0,0,0
817189024396,0,0,0,0,0,0
817189024532,1,0,0,0,0,1
817189024549,2,1,0,0,0,1
817189024587,0,0,0,0,0,0
817189024594,3,1,2,1,2,2
817189024600,1,1,0,0,0,0
817189024617,2,1,0,0,0,0
817189025270,0,0,0,0,0,0
817189025386,2,0,0,0,0,1
817189025393,4,1,0,1,0,0
817189025959,0,0,0,0,0,0
817189027298,2,0,0,0,0,0
817189027762,0,0,1,1,0,1
817189027786,0,0,0,0,0,0
817189027793,7,0,0,0,0,2
817189028240,0,0,0,0,0,0
817189028257,5,1,0,1,0,1
817189028264,0,1,0,0,0,0
817189028301,6,0,0,2,0,0
817189028318,3,0,0,3,0,0
817189028523,2,1,2,0,0,3
817189028530,0,0,0,0,0,0
817189028981,1,0,0,0,0,0
817189028998,0,0,0,0,0,0
817189029032,64,123,2,125,10,6
817189029087,0,0,0,0,0,0
817189029100,0,0,2,0,0,1
817189029117,0,0,0,1,0,2
829263000028,6,6,0,0,0,0
829263000066,2,0,0,0,0,0
829263000073,5,0,0,0,0,0
829263000080,0,0,0,0,0,0
829263000110,0,0,0,0,0,0
829263000127,0,0,0,0,0,0
829263000134,0,0,0,0,0,0
829263000172,0,0,4,0,0,2
829263000189,3,0,0,0,0,0
829263000240,1,0,0,0,0,0
829263000257,0,0,0,0,0,0
829263114138,0,0,0,0,0,0
829263210137,2,8,6,1,0,0
829263227135,0,0,0,0,4,7
829263228132,0,0,0,0,0,0
829263300012,0,0,0,0,0,0
829263411121,0,0,0,0,0,0
829263411138,0,0,0,0,0,0
829263600013,0,0,0,1,0,0
829263895006,0,0,0,0,0,0
834266006106,0,0,0,0,0,0
839138003023,12,0,0,0,0,0
842595105049,0,0,0,0,0,0
842595105063,0,0,0,0,0,0
842595106039,0,0,0,0,0,0
842595106046,0,0,0,0,0,0
842595106077,0,0,0,0,0,0
842595106084,0,0,0,0,0,0
842595106114,0,0,0,0,0,0
842595106121,0,0,0,0,0,0
842595106572,2,0,25,12,0,0
842595106596,0,0,16,0,0,0
842595106619,7,0,0,0,0,0
842595109368,0,0,0,0,0,0
842595109832,0,0,0,0,0,0
842595111071,28,0,0,0,27,1
842595111095,0,0,27,0,0,0
842595114980,0,0,0,0,0,0
842595117080,0,0,0,0,0,0
842595119831,0,0,0,0,0,0
842595121650,0,0,5,0,0,0
842595121759,2,0,39,0,0,0
842595121766,12,4,54,12,2,0
842595127027,0,0,0,0,0,0
842595129342,6,8,10,16,2,2
842595130999,7,0,6,0,0,0
842595131253,28,0,26,12,0,0
842595131277,99,9,14,12,2,0
842595131291,27,325,30,70,22,41
842595131628,31,0,44,16,0,0
842595131727,6,0,0,9,6,0
842595131741,0,0,1,9,0,0
842595133608,23,0,22,0,0,0
842595134957,0,0,28,0,0,0
842595134964,31,0,7,0,0,0
842595134971,0,7,36,0,0,0
842595135534,7,0,0,1,0,0
842595135541,0,0,3,0,0,0
842595135558,0,0,10,0,0,0
842595136050,49,15,60,45,46,11
842595138269,11,0,28,0,0,0
842595139310,0,0,2,0,0,0
850005755807,2,0,0,0,0,0
850005755876,0,0,0,0,0,0
850015842,0,0,0,0,0,0
850016779359,0,0,0,0,0,0
850016779366,0,0,0,0,0,0
850016779373,0,0,0,0,0,0
850026029055,11,8,0,11,4,1
850026029062,0,0,0,0,0,0
850026029079,11,9,12,8,2,6
850026029086,0,0,0,0,0,0
850026029314,0,0,0,0,0,0
850026029925,9,6,4,4,5,4
850030689016,6,0,1,1,2,0
850030689054,0,0,0,0,0,1
850030689153,8,0,6,2,0,0
850030689191,0,0,0,0,0,0
850030689214,0,0,3,0,0,0
850030689252,11,1,2,0,1,0
850030689276,0,0,9,11,3,3
850030689283,0,0,0,0,0,0
850030689313,0,0,0,0,0,0
850030689368,0,0,0,0,0,0
850030689450,20,4,1,6,2,4
850030689467,5,0,5,6,0,0
850030689603,0,0,0,0,0,0
850036825739,0,0,0,0,0,0
850039445156,0,0,0,0,0,0
850039445194,0,0,0,0,0,0
850039445279,0,0,0,0,0,0
850039445286,0,0,0,0,0,0
850039445347,0,0,0,0,0,0
850039445354,0,0,0,0,0,0
850039445491,0,0,0,0,0,0
850039445613,0,0,0,0,0,0
850039445668,14,12,8,17,2,14
850039445675,0,0,0,0,0,0
850039445798,1,0,0,0,0,0
850039445958,0,0,0,0,0,0
850039445972,0,0,0,0,0,0
850044753161,0,0,0,0,0,0
850044753833,10,2,10,3,0,1
850044753857,11,6,9,2,1,2
850046504662,0,0,0,0,0,0
850046504679,0,0,0,0,0,0
850046504723,0,0,0,0,0,0
850049150156,0,0,0,0,0,0
850049150163,0,0,0,0,0,0
850049150170,0,0,0,0,0,0
850049150231,0,0,0,0,0,0
850049150262,0,0,1,3,0,0
850049150286,0,0,0,0,0,0
850049150293,0,0,0,0,0,0
850049150347,0,0,0,0,0,0
850049150392,5,3,3,3,1,1
850049150439,0,0,0,0,0,0
850049150446,0,0,0,0,0,0
850049150453,0,0,0,0,0,0
850049150460,0,0,0,0,0,0
850049150477,0,0,0,0,0,0
850049150507,0,0,0,0,0,0
850049150514,0,0,0,0,0,0
850049150613,0,1,2,0,0,1
850049150651,1,0,0,0,0,0
850049150675,0,0,0,0,0,0
850049150682,0,0,0,0,0,0
850049150842,0,0,0,0,0,0
850049150859,0,0,0,0,0,0
850049150965,0,0,0,2,0,0
850050186045,5,5,5,6,3,5
850057175042,0,0,0,0,0,0
850057175295,1,0,0,0,0,0
850057175349,0,0,0,0,0,0
850057175356,0,0,0,0,0,0
850057175363,0,0,0,0,0,0
850057175615,1,2,3,2,1,1
850057175646,17,58,1,4,5,7
850057175882,1,2,0,2,0,0
850057175899,0,2,0,2,0,2
850060362675,8,8,8,10,3,1
853237000202,0,0,0,0,0,2
853237000738,6,9,5,3,2,2
853237000745,8,80,16,10,14,8
853237000769,0,0,0,0,0,0
853237000837,3,11,2,4,2,3
853519004102,8,0,0,7,4,3
857268005410,0,0,0,0,0,0
857268005977,0,0,0,0,0,0
857268005984,0,0,0,0,0,0
859400007337,5,8,3,0,3,2
859400007344,6,6,6,6,2,1
859400007559,1,5,2,0,2,2
859400007566,0,0,0,0,0,0
859400007580,0,0,0,0,0,0
859400007719,0,0,0,0,0,0
860007286902,3,2,3,3,1,1
860007286919,3,2,3,3,0,1
860007286988,0,0,0,0,0,0
860007286995,0,0,0,0,0,0
860007357510,0,0,0,0,0,0
860007357527,0,0,0,0,0,0
860007357572,0,0,0,0,0,0
860007357589,0,0,0,0,0,0
860007448911,4,0,0,7,2,0
860007448928,1,0,5,8,2,0
860007448959,0,0,0,0,0,0
860007448966,0,0,0,0,0,0
860008412199,0,16,0,0,0,0
860008634443,0,0,0,0,0,0
860008634467,0,0,0,0,0,0
891597002160,0,0,0,0,0,0
891597002535,3,0,4,4,2,1
891597002542,4,0,3,4,2,2
891597002641,2,0,4,4,2,2
891597002658,4,0,4,4,2,1
891597002672,3,0,4,4,2,2
891597002689,3,0,4,4,2,2
891597002757,0,0,1,0,0,0
891597003655,0,0,0,0,0,0
891597003679,0,0,0,0,0,0
891597003747,0,0,0,0,0,0
891597003778,0,0,0,0,0,0
891597004034,15,16,17,55,16,10
891597004058,0,0,0,0,0,0
891597004065,0,0,0,0,0,0
891597004560,0,0,0,0,0,0
891597005444,0,0,0,0,0,0
891597006113,29,31,44,73,0,21
891597006137,24,33,27,31,0,5
891597006427,26,32,24,28,0,15
8916683266907,2,2,1,2,2,2
8916683266909,1,2,2,1,2,2
