codigo,nombre_psk,nombre_wc,wc_id,wc_sku,wc_type,wc_parent,stock_psk,stock_wc,delta
0080036,ASESORIA NUTRICIONALES,,,,,0,0,,
0080445,PAQUETE DE PERDFIDA DE PESO,,,,,0,0,,
0080518,DIETA,,,,,0,0,,
039442030146,NUTRITION ANIMAL CUTS 42 EA (QUEMADOR),,,,,0,0,,
039442033529,UNIVERSAL NUTRITION ANIMAL PAK POWDER 411G ORANGE CRUSH (MULTIVITAMINICO MINERAL),,,,,0,0,,
040232182907,PSYCHOTIC RED (PRE-WORK),,,,,0,0,,
040232585388,PSYCHOTIC GOLD (PRE-WORK),,,,,0,0,,
181030000144,XTEND ORIGINAL 90 SERV. SMASH APPLE,Xtend BCAA Original - 90 Serv - Recuperación Muscular - Smash Apple,18912,181030000144,variation,18910,16,16,0
181030000151,XTEND ORIGINAL 30 SERV. BLUE RASBERRY ICE,,,,,0,0,,
181030000168,XTEND ORIGINAL 90 SERV. BLUE RASBERRY ICE,Xtend BCAA Original - 90 Serv - Recuperación Muscular - Blue Raspberry Ice,18913,181030000168,variation,18910,6,6,0
181030000175,XTEND ORIGINAL 30 SERV. GLACIAR GRAPE,,,,,0,0,,
5056555201725,RTD BLUE LAGOON A.B.E,,,,,0,64,,
5056555201732,RTD FRUIT CANDY A.B.E,,,,,0,13,,
5056555202999,RTD BADDY BERRY A.B.E,,,,,0,21,,
5056555204368,ABE SHAKER,,,,,0,0,,
5060424705467,CRUNCH WHITE CHOCOLATE CRISPY FLAVOUR,,,,,0,6,,
5060424707041,PROTEIN RAW OAT BAR CHOCOLATE BROWNIE WARRIOR,,,,,0,45,,
5060424707058,PROTEIN RAW OAT BAR HONEY BERRY WARRIOR,,,,,0,61,,
5060756342781,CRUNCH CHOCOLATE CHIPCOOKIE DOUCH FLAVOUR,,,,,0,18,,
5060756348172,PROTEIN RAW OAT BAR CHERRY BAKEWELL WARRIOR,,,,,0,55,,
5060756348332,CREATINA +VITAMINAS BLUE RAZZ 80 SERVIN WARRIOR,,,,,0,14,,
506075638349,CREATINA + VITAMINAS CITRUS BLAST 80 SERVING WARRIORG,,,,,0,32,,
6009544936824,QHUSH EXTREME ENERGY RED RUSH 500ML,,,,,0,0,,
6009544936848,QHUSH EXTREME ENERGY BUBBLEGUM BLAST 500ML,,,,,0,0,,
6009544941668,QHUSH EXTREME ENERGY + NOOTROPIC GLACIER 500ML,,,,,0,65,,
6009544944560,PROTEINA ANABOLIC MASS GAINER CHOCOLATE 12 LBS USN,,,,,0,0,,
6009544944584,PROTEINA ANABOLIC MASS GAINER VAINILLA 12 LBS USN,,,,,0,0,,
6009544944621,PROTEINA ANABOLIC MASS GAINER COOKIS AND CREAM 12 LBS USN,,,,,0,0,,
6009544944645,PROTEINA ANABOLIC MASS WEIGHT GAINER CHOCOLATE (6LB) USN,,,,,0,0,,
6009544947608,L-ARGININE 1000MG 60 CAPS USN,,,,,0,0,,
6009544954132,PROTEINA BLUE LAB 100% WHEY CHOCOLATE 4.5LB USN,,,,,0,0,,
6009544954170,PROTEINA BLUE LAB 100% WHEY VAINILLA 4.5LB USN,,,,,0,0,,
607766541022,AGUA 500 ML,,,,,0,895,,
608631655271,AMINO ESENCIAL 52 SERV. 520G BERRY ICE TEA IMPULSE,Amino Esencial - Impulse - 52 Serv - Recuperación y Energía - Berry Ice Tea,21120,608631655271,variation,21118,4,4,0
608631655288,AMINO ESENCIAL 52 SERVIN 20 GRAMOS PINK LEMONADE IMPULSE,Amino Esencial - Impulse - 52 Serv - Recuperación y Energía - Pink Lemonade,21119,608631655288,variation,21118,0,0,0
608631655424,CREATINA STIM PRO52 SERV. FRUIT PUNCH IMPULSE,Creatina Stim Pro - Impulse - 52 Serv - Creatina con Estimulantes - Fruit Punch,18893,608631655424,variation,18887,56,56,0
608631655431,CREATINA STIM PRO WATERMELON IMPULSE,Creatina Stim Pro - Impulse - 52 Serv - Creatina con Estimulantes - Watermelon,18891,608631655431,variation,18887,45,45,0
608631655486,PROLIVE BIO5 CAPUCHINO 5 LIBRAS IMPULSE,Proteína Blend - Impulse - 5 LBS - Ganancia Muscular y Recuperación - Capuchino,18194,608631655486,variation,18186,244,245,-1
611355572045,"PROTEINA HIDRO STRAWBERRY 2,11 LBS- LANDERFIT",,,,,0,0,,
611355572052,PROTEINA HIDRO CHOCOLATE 2.17 LBS- LANDERFIT,,,,,0,0,,
611355572151,PREMIUM WHEY VAINILLA 5 LBS-LANDERFIT,,,,,0,0,,
611355572168,PREMIUM WHEY 5LBS CHOCOLATE LANDERFIT,,,,,0,0,,
611355572175,PREMIUM WHEY STRAWBERRY 5 LBS-LANDERFIT,,,,,0,0,,
612590415777,MULTI PAHSE MULTIVITAMIN 90 CAPSULAS- LANDERFIT,"Multifase Multivitamínico – LanderFit – 90 cápsulas – Energía, Vitalidad y Apoyo al Sistema Inmunológico",14431,612590415777,simple,0,24,24,0
612590415838,PREMIUN WHEY LANDERFIT CHOCOLATE 26 SERVING,Proteína Premium Whey - LanderFit – 2Lb - Ganancia Muscular y Recuperación Rápida - Chocolate,19010,612590415838,variation,19008,26,26,0
612590415845,"PREMIUM WHEY STRAWBERRY 2,06 LBS-LANDERFIT",Proteína Premium Whey - LanderFit – 2Lb - Ganancia Muscular y Recuperación Rápida - Fresa,19011,612590415845,variation,19008,1,1,0
612590415852,GLUCOSAMINA 120 CAPSULAS- LANDERFIT,Glucosamina – LanderFit – 120 cápsulas – Salud Articular y Movilidad,14421,612590415852,simple,0,41,41,0
612590415883,COLAGENO-HIDROLIZADO + VITAMINA C + ÁCIDO HIALURONICO – SABOR NARANJA – 30 SERV – LANDERFIT,"Colágeno Hidrolizado - LanderFit – Sabor Naranja – 30 Serv – Salud de la Piel, Cabello y Articulaciones",14414,612590415883,simple,0,105,105,0
612590415920,HYDROLYZED COLLAGEN 180 CAPSULAS- LANDERFIT,,,,,0,0,,
612590415975,AMINO REVOLUTION FRUIT PUNCH+ELECTROLITOS- LANDERFIT,,,,,0,1,,
612590415982,AMINO REVOLUTION LANDERFIT GREEN APPLE-LANDERFIT,,,,,0,0,,
612590416002,AMINO REVOLUTION LANDERFIT RASPBERRY LEMONADE + ELECTROLITROS,"Amino Revolution + Electrolitos - Landerfit - Rendimiento, Hidratación y Recuperación - Raspberry Lemonade",19956,612590416002,variation,9171,0,0,0
612590416019,"OMEGA 3, ACEITE DE PESCADO LANDERFIT",Omega 3 – Landerfit - Salud Cardiovascular y Cerebral,9200,612590416019,simple,0,96,97,-1
612590416033,MELATONINA 10 MG 120 CAPSULAS- LANDERFIT,Melatonina 10 mg – LanderFit – 120 cápsulas – Mejora del Sueño y Relajación Natural,14429,612590416033,simple,0,22,22,0
612590416040,DHEA 50 MG 90 CAPSULAS- LANDERFIT,,,,,0,0,,
612590416057,CLA -2000 120 CAPSULAS- LANDERFIT,CLA 2000 - Landerfit - 120 Cápsulas - Apoyo para Reducción de Grasa Corporal,9190,612590416057,simple,0,19,19,0
612590416064,LIPO REVOLUTION STIM FREE 60 CAPSULAS- LANDERFIT,,,,,0,0,,
612590416071,TRIBULUS TERRESTRIS STI 90-CAPSULAS- LANDERFIT,"Tribulus Terrestris – LanderFit – 90 cápsulas –  Potencia, Vitalidad y Equilibrio Hormonal",9208,612590416071,simple,0,23,23,0
612590416088,TESTOLANDER BOOSTER 120 CAPSULAS- LANDERFIT,,,,,0,0,,
612590416101,BCAA REVOLUTION GREEN APPLE 30 SERV-LANDERFITERFIT,,,,,0,0,,
612590416118,BCAA REVOLUTION LEMON 30 SERV- LANDERFIT,,,,,0,0,,
612590416163,PREMIUM WHEY DULCE DE LECHE 2 LBS- LANDERFIT,,,,,0,0,,
612590416170,PREMIUM WHEY DULCE DE LECHE 5LBS-LANDERFIT,,,,,0,0,,
612590416200,ULTRA GLUTAMINA 60 SERVING- LANDERFIT,Ultra Glutamina – LanderFit – 60 Serv – Recuperación Muscular y Apoyo al Sistema Inmunológico,14440,612590416200,simple,0,2,2,0
612590416224,PROTEINA HIDRO COCO 2.11 LBS-LADERFIT,,,,,0,0,,
612590416231,PREMIUM WHEY ACAI 5 LBS-LANDERFIT,,,,,0,0,,
612590416248,PREMIUM WHEY PEANUT BUTTER 5 LBS-LANDERFIT,,,,,0,0,,
612590416255,PREMIUM WHEY PROTEIN 5LB COOKIES AND CREAM LANDERFIT,,,,,0,0,,
612590416262,PREMIUM WHEY ACAI 2.06 LBS-LANDERFIT,,,,,0,0,,
612590416293,PREMIUN WHEY COOKIES AND CREAN 2.06 LBS LANDERFIT,,,,,0,1,,
612590416309,PREMIUM WHEY PEANUT BUTTER 2.06 LBS- LANDERFIT,,,,,0,0,,
612590416378,AMINO REVOLUTION GRAPE+ELECTRO LITROS-LANDERFIT,,,,,0,0,,
612590416385,BCAA REVOLUTION PINEAPLE 30 SERVLANDERFITI,,,,,0,2,,
612590416392,BCAA REVOLUTION LANDERFIT WATERMELON,,,,,0,0,,
612590416439,LIPO REVOLUTION 60 CAPS NEGRO- LANDERFIT,,,,,0,0,,
612590416446,VITAMINA C- 1000MG -LANDFERFIT,Vitamina C – LanderFit – 1000 mg –  Defensa Inmunológica y Antioxidante,9214,612590416446,simple,0,9,9,0
612590416606,PROTEINA WOMENS CHOCOLATE BROWNIE 2.04 LBS LANDERFIT,Proteína de Mujer - Landerfit - Sabor Chocolate Brownie - 2.04 LBS - Fórmula para Mujeres,9152,612590416606,simple,0,1,1,0
612590416644,"VEGAN-PROTEIN VAINILLA 2,04 LBS LANDERFIT",Proteína Vegana - Landerfit - Sabor Vainilla - 2.04 LBS - Proteína Vegana para Ganancia y Recuperación,9151,612590416644,simple,0,47,47,0
612590416651,REDS & GREENS PINA 30 SERVING- LANDERFIT,Suplemento Reds & Greens – LanderFit - Energía Natural y Detoxificación - Piña,19965,612590416651,variation,19963,17,17,0
612590416668,PREMIUN WHEY VAINILLA 26 SERVING- LANDERFIT,Proteína Premium Whey - LanderFit – 2Lb - Ganancia Muscular y Recuperación Rápida - Vainilla,19009,612590416668,variation,19008,3,3,0
612590416675,REDS & GREENS GREEN APPLE 30 SERV- LANDERFIT,Suplemento Reds & Greens – LanderFit - Energía Natural y Detoxificación - Green Apple,19964,612590416675,variation,19963,29,29,0
612590417733,PREMIUM WHEYCARAMEL MATE 2 LBS- LANDERFIT,,,,,0,0,,
612590417740,PREMIUM WHEY CARAMEL 5 LBS-LANDERFIT,,,,,0,0,,
61655626416,PROLIVE BIO 6- BLEN SPICY PUMPKIN IMPULSE,,,,,0,20,,
628081005341,PROTEINA MASS MILK CHOCOLATE 15 LBS ANS,,,,,0,0,,
628081005358,PROTEINA MASS CREAMY VAINILLA 15 LBS ANS,,,,,0,0,,
628081005365,PROTEINA MASS COOKIES AND CREAM 15 LBS ANS,,,,,0,0,,
628081005372,PROTEINA MASS PEANUT BUTTER CHOCOLATE 15 LBS ANS,,,,,0,0,,
628081005389,PROTEINA MASS SALTED CARAMEL 15 LBS ANS,,,,,0,0,,
628081005396,PROTEINA MASS STRANVERRY 15 LBS ANS,,,,,0,0,,
628081005563,PROTEINA MILK CHOCOLATE 1.8 LBS ANS,,,,,0,0,,
628081005587,PROTEINA COOKIES AND CREAM 1.8 LBS ANS,,,,,0,0,,
628081005594,PROTEINA PEANUT BUTTER CHOCOLATE 1.8 LBS ANS,,,,,0,0,,
628081005600,PROTEINA STRAWBERRY 1.8 LBS ANS,,,,,0,0,,
631656259957,MAS TECH EXTREME 2000- VAINILLA MILK SHAKE 12 LIBRAS,Ganador de Masa Muscular Mass Tech - MuscleTech – 12 LBS – Aumento de Peso y Músculo - Vainilla Milkshake,18961,631656259957,variation,18960,2,2,0
631656603118,TETOSTERONA BUSTER SIX STAR MUSCLETECH,Testosterona booster Six Star - MuscleTech - Aumento de Testosterona y Energía Física,8556,631656603118,simple,0,9,9,0
631656610444,CREATINA MUSCLETECH CELL TECH CREACTOR 50 CAPSULA SERVINGS UNFLAVORED,,,,,0,0,,
631656703214,MUSCLETECH CELL TECH FRUIT PUNCH 6LBS CREATINA,,,,,0,0,,
631656703245,NITRO TECH MILK CHOCOLATE 2.2LBS MUSCLETECH,,,,,0,0,,
631656703252,NITRO TECH VANILLA CREAM 2.2LBS MUSCLETECH,,,,,0,0,,
631656703283,NITRO TECH WHEY MILK CHOCOLATE 4 LBS MUSCLETECH,,,,,0,0,,
631656703290,NITRO TECH-WHEY VAINILLA PROTEIN VAINILLA 4 LBS MUSCLETECH,,,,,0,0,,
631656703313,NITRO TECH- WHEY COOKIES AND CREAMS 4 LBS MUSCLETECH,,,,,0,0,,
631656705737,MUSCLETECH ESSENTIAL SERIES PLATINIUM 100% CREATINA UNFLAVORED 400G,,,,,0,0,,
631656708172,CREATINA MUSCLETECH CELL TECH CREACTOR 120 SERVINGS UNFLAVORED,,,,,0,0,,
631656709445,NITRO TECH RIPPED CHOCOLATE FUDGE BROWNIE 2LBS MUSCLETECH,,,,,0,0,,
631656709568,NITRO TECH CHOCOLATE RIPPED FUDGE BROWNIE 4 LBS MUSCLETECH,,,,,0,0,,
631656709575,NITRO TECH RIPPED FRENCH VANILLA BEAN 4LBS MUSCLETECH,,,,,0,0,,
631656710519,NITRO TECH WHEY GOLD FRENCH VANILLA CREAM 5LBS MUSCLETECH,,,,,0,0,,
631656716962,MASS TECH EXTREME 2000-6 LBS TRIPLE CHOCOLATE BROWNIE,Ganador de Masa Muscular Mass Tech - MuscleTech – 6 LBS – Aumento de Peso y Músculo - Triple Chocolate Brownie,18957,631656716962,variation,18955,20,20,0
631656716979,MASS TECH -EXTREME 2000- VAINILLA 2000 6 LBS MUSCLETECH,Ganador de Masa Muscular Mass Tech - MuscleTech – 6 LBS – Aumento de Peso y Músculo - Vainilla Milkshake,18958,631656716979,variation,18955,4,4,0
631656716986,MAS TECH EXTREME 2000 TRIPLE CHOCOLATE BROWNIE 20 LBS,,,,,0,0,,
644225727139,POWER CRUNCH STRAWERRY CREME,,,,,0,6,,
644225727382,POWER CRUNCH FRENCH VAINILLA,,,,,0,14,,
644225727733,POWER CRUNCH PEANUT BUTTER FUDGE,,,,,0,10,,
644225727832,POWER CRUNCH TRIPLE CHOCOLATE,,,,,0,6,,
650076635196,BCCA FRUIT PONCHS FLAVOR 30 SERVING,,,,,0,97,,
650076635202,BCCA GRAPE FLAVOR 30 SERVING,,,,,0,91,,
650076635219,CREATINA 80 SERVING UNFLAVORED,,,,,0,470,,
650076635226,GLUTAMINE 80SERVING UNFLAVORED,,,,,0,497,,
650076635233,VMS-L-CARNITINA LIQUIDA 3500 MG SABOR FRUIT PONCHS,,,,,0,1,,
650076635257,VMS-PROTEIN ISOLATE-HIDROLIZED BIO-ACTIVE DE FRESA 5LB,Proteína Blend - VMS Nutrition - 5 lb - Recuperación Muscular y Aumento de Masa - Fresa,19064,650076635257,variation,19061,116,116,0
650076635264,VMS-PROTEIN ISOLATE- HIDROLIZED BIO-ACTIVE- CHOCOLATE5 LBS,Proteína Blend - VMS Nutrition - 5 lb - Recuperación Muscular y Aumento de Masa - Chocolate,19063,650076635264,variation,19061,61,61,0
65007665240,VMS-PROTEIN ISOLATE -HIDROLIZED BIO-ACTIVE VAINILLA 5 LBS,Proteína Blend - VMS Nutrition - 5 lb - Recuperación Muscular y Aumento de Masa - Vainilla,19062,65007665240,variation,19061,32,33,-1
659153877009,PROTEINA COOKIES AND CREAM 5 LBS ANS,,,,,0,0,,
666222007984,ACTIVE TIME RELEASED SPORT (MHP),Multivitamínico Deportivo Activite Sport - MHP - 120 Tabletas - Nutrición Completa y Energía Duradera,11831,666222007984,simple,0,10,10,0
666222093741,T-BOMB 3XTREME (MHP),,,,,0,1,,
666222097404,SUPER FAT BURNER + (MHP),"Super Fat Burner - MHP - Quemador de Grasa Avanzado para Pérdida de Peso, Energía y Definición Muscular",9723,666222097404,simple,0,73,73,0
666222941004,XPEL CAPS (MHP),"Diurético XPEL MHP 80 Cápsulas – Eliminación de Líquidos, Definición y Control de Retención",8555,666222941004,simple,0,72,72,0
666222942018,ANADROX PUMP & BURN (MHP),,,,,0,0,,
703556204730,L CARNITINA 3500 RED & GREEN IMPULSE,L-Carnitina Impulse 3500 - Suplemento para Quema de Grasa - Sabor Red & Green,18875,703556204730,variation,18869,6,6,0
703556204747,L-CARMITINE 3500MG W/ RASPB. KETONES & COLLAGEN NARANJA PIÑA IMPULSE,,,,,0,0,,
703556204751,L-CARNITINA 3500 WATERMELON IMPULSE,L-Carnitina Impulse 3500 - Suplemento para Quema de Grasa - Watermelon,18870,703556204751,variation,18869,8,8,0
703556204785,CORESHIELD -XR MULTIVITAMINAS,CoreShield XR - Multivitaminas - Apoyo Integral para Salud General y Energía,14415,703556204785,simple,0,57,57,0
703556204808,COLAGENO DR. JOINT PROFESSIONAL JOINT SUPPORT TUTTI FRUTTI 52 SERV. IMPULSE,"Colágeno para Articulaciones Doctor Joint - Impulse - Sabor Tutti Frutti - 52 Serv - Alivia artritis, fortalece tendones y huesos",128,703556204808,simple,0,52,53,-1
703556204815,PROLIVE BIO5 BUTTER BLASTER DE 5 LBS IMPULSE,Proteína Blend - Impulse - 5 LBS - Ganancia Muscular y Recuperación - Butter Blaster,18195,703556204815,variation,18186,108,108,0
703556204822,PROLIVE BIO5 WHITE CHOCORAINBOW DE 5 LB IMPULSE,Proteína Blend - Impulse - 5 LBS - Ganancia Muscular y Recuperación - White ChocoRainbow,18188,703556204822,variation,18186,30,32,-2
703556204839,PROLIVE BIO5 CHOCO MINT DE 5LB IMPULSE,,,,,0,0,,
703556204846,PROLIVE BIO5 CARAMEL PEANUT BUTTER DE 5 LBS IMPULSE,Proteína Blend - Impulse - 5 LBS - Ganancia Muscular y Recuperación - Caramel Peanut Butter,18189,703556204846,variation,18186,44,44,0
703556204907,AMINO ESENCIAL 52 SERVING PINA COLADA IMPULSE,Amino Esencial - Impulse - 52 Serv - Recuperación y Energía - Piña Colada,21121,703556204907,variation,21118,4,4,0
703556204938,CREATINA STIM PRO 52 SERV. ORANGE IMPULSE,Creatina Stim Pro - Impulse - 52 Serv - Creatina con Estimulantes - Naranja,18892,703556204938,variation,18887,17,17,0
705016353132,ISO 100 GURMET CHOCOLATE 3 LBS DYMATIZE,,,,,0,0,,
705016353156,ISO 100 VAINILLA 3 LBS DYMATIZE,,,,,0,0,,
705016353170,ISO 100 STRAWERRY 5 LBS DYMATIZE,Proteína ISO100 – Dymatize – 5 LBS – Isolatada e Hidrolizada para Recuperación Muscular - Strawberry,19186,705016353170,variation,19183,0,0,0
705016353187,PROTEINA ISO 100 GURMET CHOCOLATE 5 LBS DYMATIZE,Proteína ISO100 – Dymatize – 5 LBS – Isolatada e Hidrolizada para Recuperación Muscular - Chocolate,19192,705016353187,variation,19183,3,3,0
705016353200,ISO 100 COOKIES AND CREAM 5 LBS DYMATIZE,,,,,0,0,,
705016353217,ISO 100 VAINILLA 5 LBS DYMATIZE,Proteína ISO100 – Dymatize – 5 LBS – Isolatada e Hidrolizada para Recuperación Muscular - Vainilla,20385,705016353217,variation,19183,160,160,0
705016353231,ISO 100 FUDGE BROWNIE 3 LIBRAS DYMATIZE,Proteína ISO100 - Dymatize - 3 LBS - Isolatada e Hidrolizada para Recuperación Muscular - Fudge Brownie,19227,705016353231,variation,19225,2,2,0
705016353415,ISO 100 FRUTY PEBBLES 3 LBS DYMATIZE,Proteína ISO100 - Dymatize - 3 LBS - Isolatada e Hidrolizada para Recuperación Muscular - Fruity Pebbles,19228,705016353415,variation,19225,13,13,0
705016353422,ISO 100 COCOA PEBBLES 3 LBS DYMATIZE,Proteína ISO100 - Dymatize - 3 LBS - Isolatada e Hidrolizada para Recuperación Muscular - Cocoa Pebbles,19229,705016353422,variation,19225,11,10,1
705016353439,ISO 100 FRUTY PEBLLES 5 LBS DYMATIZE,Proteína ISO100 – Dymatize – 5 LBS – Isolatada e Hidrolizada para Recuperación Muscular - Fruity Pebbles,19190,705016353439,variation,19183,14,14,0
705016353446,ISO 100 COCOA PEBBLES 5 LBS DYMATIZE,Proteína ISO100 – Dymatize – 5 LBS – Isolatada e Hidrolizada para Recuperación Muscular - Cocoa Pebbles,19188,705016353446,variation,19183,6,6,0
705016354207,PROTEINA ISO 100 FRUITY PEBBLES 20 SERV. 1.34 LBS DYMATIZE,,,,,0,397,,
705016356201,ISO 100 COCOA PEBBLES 1.34 LBS DYMATIZE,,,,,0,0,,
705016357208,ISO 100 GOURMET CHOCOLATE 1.34 LBS DYMATIZE,,,,,0,0,,
705016358205,ISO 100 VAINILLA 20 SERV. 1.34 LBS DYMATIZE,Proteína ISO100 - Dymatize - 1.34 LBS - Ganancia Muscular - Vainilla,20388,705016358205,variation,19205,184,185,-1
705016500406,ISO 100 FUGGE BROWNIE 5 LBS DYMATIZE,,,,,0,0,,
705016500420,ISO 100 BIRTHDAY CAKE 5 LBS DYMATIZE,Proteína ISO100 – Dymatize – 5 LBS – Isolatada e Hidrolizada para Recuperación Muscular - Birthday Cake,19191,705016500420,variation,19183,21,21,0
705016599141,ISO 100 WHEY ELITE CHOCOLATE RICH 2 LB DYMATIZE,,,,,0,0,,
705016600205,ISO 100 DUNKIN MOCHA LATTE 1.34 LBS DYMATIZE,,,,,0,0,,
705016600335,ISO 100 CHOCOLATE PEANUT BUTTER 1.34 LBS DYMATIZE,,,,,0,0,,
705016600342,ISO 100 20 SERV FUDGE BROWNIE 3CT (NEW),,,,,0,0,,
705016600359,"ISO 100 COOKIES AND CREAM 1,34 LBS DYMATIZE",,,,,0,0,,
705016600366,ISO 100 BIRTHDAY CAKE PEBBLES 1.34 LBS DYMATIZE,Proteína ISO100 - Dymatize - 1.34 LBS - Ganancia Muscular - Birthday Cake Pebbles,19210,705016600366,variation,19205,2,2,0
705016601042,SALTED CARAMEL 1.34 LBS DYMATIZE,,,,,0,210,,
705016601141,ISO 100 CINAMON CHURRO 5 LBS DYMATIZE,,,,,0,0,,
710779770089,LEAN BODY VANILLA LABRADA 17OZ,,,,,0,180,,
710779770096,LEAN BODY CHOCOLATE LABRADA 17OZ,,,,,0,483,,
710779770102,LEAN BODY STRAWBERRY LABRADA 17OZ,,,,,0,796,,
710779770171,LEAN BODY COOKIES & CREAM LABRADA 17OZ,,,,,0,205,,
710779770218,LEAN BODY SALTD CARAMEL LABARADA 17OZ,,,,,0,224,,
7113101732151,ULTRA VEGANA CARAMELO PEANUT BUTTER 3 LBS IMPULSE,Proteína Vegana - Impulse - 3 LBS - Ganancia Muscular y Recuperación - Caramelo Peanut Butter,18864,7113101732151,variation,18861,13,13,0
713101731994,PROLIVE BIO5 DE MANGO 6 LB IMPULSE,,,,,0,0,,
713101732007,PROLIVE BIO5 SUNDEY CARAMEL DE 6 LB IMPULSE,Proteína Blend – Impulse – 6 LBS – Ganancia Muscular y Recuperación - Sundae Caramel,18858,713101732007,variation,18854,56,55,1
713101732014,PROLIVE BIO6 COCONUT 6 LBS IMPULSE,Proteína Blend – Impulse – 6 LBS – Ganancia Muscular y Recuperación - Coconut,18857,713101732014,variation,18854,1,1,0
713101732021,PROLIVE BIO6 PIÑA COLADA DE 6 LBS IMPULSE,,,,,0,0,,
713101732038,PROLIVE BIO6 COFFEE LOVERS DE 6 LB IMPULSE,Proteína Blend – Impulse – 6 LBS – Ganancia Muscular y Recuperación - Coffe Lovers,18856,713101732038,variation,18854,46,46,0
713101732045,PROLIVE BIO6 CRISPY TOFFEE 6 LBS IMPULSE,Proteína Blend – Impulse – 6 LBS – Ganancia Muscular y Recuperación - Crispy Toffee,18855,713101732045,variation,18854,34,34,0
713101732076,PROTEINA VEGANA DE 4 LBS PANCAKE IMPULSE,Proteína Vegana - Impulse - Sabor Pancake - 4 LBS - Ganancia y Recuperación,11803,713101732076,simple,0,10,10,0
713101732113,ULTRA VEGANA VAINILLA 3 LBS IMPULSE,Proteína Vegana - Impulse - 3 LBS - Ganancia Muscular y Recuperación - Vainilla,18862,713101732113,variation,18861,27,25,2
713101732120,VEGANA ULTRA DE CHOCOLATE 3 LBS IMPULSE,,,,,0,0,,
713101732137,ULTRA VEGANA STRAWERRY ICE CREAM 3 LBS IMPULSE,Proteína Vegana - Impulse - 3 LBS - Ganancia Muscular y Recuperación - Strawberry Ice Cream,18863,713101732137,variation,18861,10,11,-1
713101732144,VEGANA ULTRA DE COCO 3 LBS IMPULSE,Proteína Vegana - Impulse - 3 LBS - Ganancia Muscular y Recuperación - Coco,18865,713101732144,variation,18861,5,5,0
713325974009,DHEA 180 CAPSULAS,DHEA 100mg - Nutricost - 180 Cápsulas - Equilibrio Hormonal y Vitalidad,13375,713325974009,simple,0,4,4,0
722252069719,BUILDERS OREO,,,,,0,1,,
722252601414,BUILDERS CHOCOLATEPEANUT BUTTER,,,,,0,1,,
722252601445,BUILDERS CHOCOLATE MINT,,,,,0,7,,
7401165100018,TASU CHIPS MANGO,,,,,0,14,,
7401165100032,TASU CHIPS BANANA FRESA,,,,,0,15,,
7451009770051,AGUA CRISTALINA,,,,,0,326,,
745560721971,RAPTOR X5 FRUIT PUNCH IMPULSE,Raptor X5 - Impulse - Sabor Fruit Punch - Suplemento Pre-Entreno para Energía y Rendimiento,12945,745560721971,simple,0,0,0,0
745560722008,L-CARNITINA 3500 BLUE BERRY IMPULSE,,,,,0,0,,
745560722015,"CREATINE SUPER ATP, 80 SERVS). 400G (UNFLAVORED) (CREATINA)",Creatina Super ATP - Impulse - 80 Srv - Creatina Sin Sabor para Fuerza y Rendimiento,108,745560722015,simple,0,24,25,-1
745560722022,"GLUTA MAX GLUTAMINA MICRONISADA, 80 SERV. 400G (UNFLAVORED) IMPULSE",Gluta Max - Impulse - 80 Serv - Glutamina Micronizada Sin Sabor para Recuperación,109,745560722022,simple,0,11,11,0
745560722030,L- CARNITINA 3500 PIÑA COLADA IMPULSE,L-Carnitina Impulse 3500 - Suplemento para Quema de Grasa - Piña Colada,18873,745560722030,variation,18869,1,1,0
745560722039,L- CARNITINA 3500 MANGO ALEGRE IMPULSE,L-Carnitina Impulse 3500 - Suplemento para Quema de Grasa - Mango Alegre,18871,745560722039,variation,18869,4,4,0
745560722053,BCAA + GLUTAMINA 30 SERVS. 330G UVA (AMINO BCAA) IMPULSE,,,,,0,0,,
745560722084,BCAA + GLUTAMINE 30 SERV. 330G FRUIT PONCHS (AMINO BCAA) IMPULSE,,,,,0,0,,
745560722138,PROLIVE BIO5 VAINILLA DE 5 LB IMPULSE,Proteína Blend - Impulse - 5 LBS - Ganancia Muscular y Recuperación - Vainilla,18187,745560722138,variation,18186,72,73,-1
745560722145,PROLIVE BIO5 STRAWBERRY ICE CREAN 5 LBS IMPULSE,Proteína Blend - Impulse - 5 LBS - Ganancia Muscular y Recuperación - Strawberry Ice Cream,18190,745560722145,variation,18186,122,122,0
745560722152,PROLIVE BIO5 DE CHOCOLATE 5 LBS IMPULSE,Proteína Blend - Impulse - 5 LBS - Ganancia Muscular y Recuperación - Chocolate,18192,745560722152,variation,18186,240,241,-1
745560722169,PROLIVE BIO5 CHOCO COCO DE 5 LBS IMPULSE,Proteína Blend - Impulse - 5 LBS - Ganancia Muscular y Recuperación - Choco Coco,18193,745560722169,variation,18186,1,1,0
745560722176,PROLIVE BIO5 COOKIS AND CREAM DE 5LB IMPULSE,Proteína Blend - Impulse - 5 LBS - Ganancia Muscular y Recuperación - Cookies and Cream,18191,745560722176,variation,18186,92,92,0
745560722183,L CARNITINA 3500 FRUIT PONCHS IMPULSE,L-Carnitina Impulse 3500 - Suplemento para Quema de Grasa - Fruit Punch,18874,745560722183,variation,18869,3,3,0
745560722206,THERMOBLAST M5 (FAT BURNER) 120 CAPS (QUEMADOR HOMBRE) IMPULSE,Thermoblast M5 - Impulse - 120 Cápsulas - Quemador de Grasa para Hombre,93,745560722206,simple,0,0,0,0
745560722213,THERMOBLAST H2 (FAT BURNER) 120 CAPS (QUEMADOR MUJER) IMPULSE,Thermoblast H2 - Impulse - 120 Cápsulas - Quemador de Grasa para Mujer,94,745560722213,simple,0,4,4,0
746477745371,YOHIMBINE HCL REVIVE,,,,,0,0,,
748927022902,AMINO ENERGY ORANGE 585G,"Optimum Nutrition Amino Energy - 585 g - Energía, Enfoque Mental y Recuperación Muscular - Orange",19872,748927022902,variation,19871,71,71,0
748927022940,AMINO ENERGY CONCOR GRAPE 585G,"Optimum Nutrition Amino Energy - 585 g - Energía, Enfoque Mental y Recuperación Muscular - Concord Grape",19877,748927022940,variation,19871,108,108,0
748927022995,PROTEINA ON SERIOUS MASS 6 LBS CHOCOLATE,,,,,0,0,,
748927023008,PROTEINA ON SERIOUS MAS 6 LBS VAINILLA,,,,,0,0,,
748927023138,ON HMB 1000 MG 90 CAPSULAS,,,,,0,0,,
748927023190,AMINO ENERGY BLUE RASPBERRY 585G,"Optimum Nutrition Amino Energy - 585 g - Energía, Enfoque Mental y Recuperación Muscular - Blue Raspberry",19873,748927023190,variation,19871,105,105,0
748927023374,AMINO ENERGY FRUIT FUSION 585G,"Optimum Nutrition Amino Energy - 585 g - Energía, Enfoque Mental y Recuperación Muscular - Fruit Fusion",19874,748927023374,variation,19871,106,106,0
748927023800,PROTEINA ON SERIOUS MASS 12 LBS CHOCOLATE,,,,,0,0,,
748927023824,PROTEINA ON SERIOUS MASS VAINILLA 12 LBS,,,,,0,0,,
748927023848,CREATINA ON POWDER MICRONISADA,Creatina Micronizada en Polvo - Optimum Nutrition  - Aumento de Fuerza y Rendimiento Deportivo,11830,748927023848,simple,0,374,374,0
748927024128,GOLD STANDARD WEY FRENCH VAINILLA CREME 5 LBS,,,,,0,0,,
748927025255,AMINO ENERGY ORANGE 270 G,"Optimum Nutrition Amino Energy - 270 g - Energía, Recuperación Muscular y Enfoque Mental - Orange",19853,748927025255,variation,19843,21,21,0
748927026658,AMINO ENERGY CONCOR GRAPE 270 G,"Optimum Nutrition Amino Energy - 270 g - Energía, Recuperación Muscular y Enfoque Mental - Concor Grape",19857,748927026658,variation,19843,15,15,0
748927026665,AMINO ENERGY FRUIT FUSION 270 G,"Optimum Nutrition Amino Energy - 270 g - Energía, Recuperación Muscular y Enfoque Mental - Fruit Fusion",19856,748927026665,variation,19843,132,132,0
748927026672,AMINO ENERGY WATERMELON 270 G,"Optimum Nutrition Amino Energy - 270 g - Energía, Recuperación Muscular y Enfoque Mental - Watermelon",19854,748927026672,variation,19843,91,91,0
748927026825,AMINO ENERGY BLUE RASPBERRY 270 G,,,,,0,43,,
748927028614,GOLD STANDARD WEY DOBLE RICH CHOCOLATE 2 LB,Optimum Nutrition Proteína 100% Whey Gold Standard - 2 lb - Recuperación Muscular - Doble Rich Chocolate,19818,748927028614,variation,19817,39,39,0
748927028652,GOLD STANDAR WHEY VAINILLA ICE CREAN 1.98 LBS,Optimum Nutrition Proteína 100% Whey Gold Standard - 2 lb - Recuperación Muscular - Vainilla Ice Cream,19819,748927028652,variation,19817,23,24,-1
748927028669,GOLD STANDARD WEY DOUBLE RICH CHOCOLATE 5 LBS,Optimum Nutrition Proteína 100% Whey Gold Standard - 5 lb - Recuperación Muscular - Doble Rich Chocolate,19837,748927028669,variation,19835,388,388,0
748927028706,GOLD STANDAR WHEY VAINILLA ICE CREAM 5 LBS,Optimum Nutrition Proteína 100% Whey Gold Standard - 5 lb - Recuperación Muscular - Vanilla Ice Cream,19838,748927028706,variation,19835,42,42,0
748927051308,AMINO ENERGY WATERMELON 585G,"Optimum Nutrition Amino Energy - 585 g - Energía, Enfoque Mental y Recuperación Muscular - Watermelon",19875,748927051308,variation,19871,103,104,-1
748927051698,AMINO ENERGY STRAWBERRY LIMON 270 G,"Optimum Nutrition Amino Energy - 270 g - Energía, Recuperación Muscular y Enfoque Mental - StrawBerry Limon",19851,748927051698,variation,19843,29,29,0
748927051704,AMINO ENERGY GREEN APPLE 270 G,"Optimum Nutrition Amino Energy - 270 g - Energía, Recuperación Muscular y Enfoque Mental - Green Apple",19855,748927051704,variation,19843,25,25,0
748927054002,AMINO ENERGY BLUEBERRY MOJITO 270 G,"Optimum Nutrition Amino Energy - 270 g - Energía, Recuperación Muscular y Enfoque Mental - Blueberry Mojito",19852,748927054002,variation,19843,26,26,0
748927055351,AMINO ENERGY GREEN APPLE 585G,"Optimum Nutrition Amino Energy - 585 g - Energía, Enfoque Mental y Recuperación Muscular - Green Apple",19876,748927055351,variation,19871,3,3,0
748927059144,AMINO ENERGY JUICY STRAWBERRY 270 G,"Optimum Nutrition Amino Energy - 270 g - Energía, Recuperación Muscular y Enfoque Mental - Juicy Strawberry",19847,748927059144,variation,19843,0,0,0
748927060133,GOLD STANDAR WHEY VAINILLA ICE CREAM 1.5 LBS 22 SERVING,Optimum Nutrition Proteína 100% Whey Gold Standard - 1.5 lb - Recuperación Muscular - Vainilla Ice Cream,19827,748927060133,variation,19826,2,2,0
748927060140,GOLD STANDAR WHEY DOBLE RICH 1.47 LBS 22 SERVING,Optimum Nutrition Proteína 100% Whey Gold Standard - 1.5 lb - Recuperación Muscular - Doble Rich Chocolate,19828,748927060140,variation,19826,0,1,-1
748927060522,AMINO ENERGY WATERMELON SPLASH 270 G + ELECTROLITOS,,,,,0,35,,
748927060607,AMINO ENERGY RTD SPARLING AE JUCY STRAWERRY OPTIMUN NUTRICION,Bebida Energetica - Optimum Nutrition - Pack de 12 - Energía y Recuperación - Juicy Strawberry,19085,748927060607,variation,19081,77,82,-5
748927060614,AMINO ENERGY SPARLING AE WATHERMELO OPTIMUN NUTRICION,Bebida Energetica - Optimum Nutrition - Pack de 12 - Energía y Recuperación - Sandia,19087,748927060614,variation,19081,389,391,-2
748927060621,AMINO ENERGY RTD SPANLING AE GRAPE OPTIMUN NUTRICION,Bebida Energetica - Optimum Nutrition - Pack de 12 - Energía y Recuperación - Uva,19083,748927060621,variation,19081,332,332,0
748927060638,BLUEBERRY LEMONADE,,,,,0,310,,
748927062113,AMINO ENERGY BLUEBERRY LIMON 270 G,"Optimum Nutrition Amino Energy - 270 g - Energía, Recuperación Muscular y Enfoque Mental - BlueBerry Limon",19849,748927062113,variation,19843,5,5,0
748927062731,AMINO ENERGY RTD SPARLING AE JUCY CHERRY OPTIMUN NUTRICION,Bebida Energetica - Optimum Nutrition - Pack de 12 - Energía y Recuperación - Juicy Cherry,19084,748927062731,variation,19081,369,371,-2
748927062748,AMINO ENERGY SPARLING AE MANGO PINIAPLE LIMONADE OPTIMUN NUTRICION,Bebida Energetica - Optimum Nutrition - Pack de 12 - Energía y Recuperación - Mango Pineapple Lemonade,19086,748927062748,variation,19081,369,369,0
748927063486,AMINO ENERGY SPARLING AE PEACH BELLINI OPTIMUN NUTRICION,Bebida Energetica - Optimum Nutrition - Pack de 12 - Energía y Recuperación - Peach Bellini﻿,19089,748927063486,variation,19081,448,456,-8
748927063646,AMINO ENERGY WILD BERRY 270 G,"Optimum Nutrition Amino Energy - 270 g - Energía, Recuperación Muscular y Enfoque Mental - Wild Berry",19850,748927063646,variation,19843,1,1,0
748927066005,AMINO ENERGY RTD SPARLING AE ORANGE OPTIMUN NUTRICION,,,,,0,0,,
748927066586,PROTEIN SHAKER VAINILLA 325 ML OPTIMUN NUTRICION,Batido de Proteínas - 325 ml - 12 Pack - Recuperación Muscular - Vainilla,19074,748927066586,variation,19071,1580,1580,0
748927066593,PROTEIN SHAKE CHOCOLATE 325 ML OPTIMUN NUTRICION,Batido de Proteínas - 325 ml - 12 Pack - Recuperación Muscular - Chocolate,19072,748927066593,variation,19071,130,130,0
748927068238,AMINO ENERGY STRAWBERRY BURST + ELECTROLITOS 270 G,,,,,0,36,,
748927068269,AMINO ENERGY SPARLING AE BERRY BURST OPTIMUN NUTRICION,Bebida Energetica - Optimum Nutrition - Pack de 12 - Energía y Recuperación - Berry Burst,19088,748927068269,variation,19081,391,394,-3
748927069068,AMINO ENERGY TROPICAL SUNRISE 270 G,"Optimum Nutrition Amino Energy - 270 g - Energía, Recuperación Muscular y Enfoque Mental - Tropical Sunrise",19848,748927069068,variation,19843,1,1,0
748927069662,AMINO CITRUS SPRITZ 585 GM 65 SERVING OPTIMO,,,,,0,60,,
748927069815,PROTEIN SHAKE STRAWBERRY 325ML OPTIMUN NUTRICION,Batido de Proteínas - 325 ml - 12 Pack - Recuperación Muscular - Strawberry,19073,748927069815,variation,19071,1231,1233,-2
749826126449,PURE PROTEINA CHEWY CHOCOLATE CHIP,,,,,0,9,,
749826126487,PURE PROTEIN CHOCOLATE PEANUT BUTTER,,,,,0,14,,
749826126517,PURE PROTEINA CHOCOLATE DELUXE,,,,,0,7,,
7500634000528,CREATINAMONOHIDRATADA 72 SERVING,Creatina Monohidratada - Forzagen - 72 Srv - Suplemento para Fuerza y Rendimiento,13154,7500634000528,simple,0,54,54,0
7500634001853,BCAA+GLUTAMINE WITH HYDRAGEN COMPLEX SNOW CONE FORZAGEN,,,,,0,0,,
7500634002065,LEAN GAINER 8 LIBRAS VAINILLA,,,,,0,0,,
75016600694,ISO 100 DUNKIN GLAZED DONUT1.34 LBS DYMATIZE,Proteína ISO100 - Dymatize - 1.34 LBS - Ganancia Muscular - Dunkin Glazed Donut,19206,75016600694,variation,19205,2,2,0
7503013595776,WHEY PROTEIN 5 LBS DUTCH CHOCOLATE,Proteína Whey - Forzagen - 5 LB - Ganancia Muscular y Recuperación - Dutch Chocolate,18934,7503013595776,variation,18932,7,7,0
7503013595844,LIPO CRUSH FAT BURNER FORZAGEN,,,,,0,0,,
7503013595868,WHEY PRO DUT CHOCOLATE 2 LBS,Proteína Whey - Forzagen - 2 lbs - Ganancia Muscular y Recuperación - Dutch Chocolate,18939,7503013595868,variation,18933,6,6,0
7503018110141,BCAA+GLUTAMINE WITH HYDRAGEN COMPLEX PINEAPPLE FORZAGEN,,,,,0,0,,
7503018110158,BCAA+GLUTAMINE WITH HYDRAGEN COMPLEX BLUE RAZZ FORZAGEN,,,,,0,0,,
7503018110318,PREMIUM L-CARNITINA FORZAGEN,,,,,0,0,,
7503018110479,WHEY PROTEIN 5 LBS CHOCO COCO,Proteína Whey - Forzagen - 5 LB - Ganancia Muscular y Recuperación - Choco Coco,18935,7503018110479,variation,18932,16,16,0
7503018110578,LEAN GAINER 12 LIBRAS DUTCH CHOCOLATE,Ganador de Masa Magra Lean Gainer - Forzagen - 12 LBS - Aumento de Masa Muscular - Dutch Chocolate,18942,7503018110578,variation,18941,0,0,0
7503018110950,BCAA+GLUTAMINE WITH HYDRAGEN COMPLEX BLACKBERRY LEMONADE FORZAGEN,,,,,0,0,,
7503018110951,SERVICIO DE INBODY,,,,,0,0,,
7503029522926,LEAN GAINER 8 LBS DUTCH CHOCOLATE,,,,,0,0,,
7503029522942,EXPESO DOBLE,,,,,0,42,,
7503029522944,EXPRESO,,,,,0,43,,
7503029522945,CAFE AMERICANO,,,,,0,76,,
7503029522946,EAAS AMINO  PINK LEMONADE,,,,,0,17,,
7503029522947,CREATINA NUTREX 60 SERVING,,,,,0,65,,
7503029522948,CAPUCHINO CON LECHE ENTERA,,,,,0,42,,
7503029522949,RAPTOR PREWORK IMPULSE,,,,,0,28,,
7503029522951,PEANUT BUTTER,,,,,0,66,,
7503029522952,FRESAS,,,,,0,42,,
7503029522953,AVENA,,,,,0,65,,
7503029522954,LECHE DE ALMENDRAS,,,,,0,53,,
7503029522955,LECHE ENTERA,,,,,0,72,,
7503029522956,BANANA - GUINEO,,,,,0,111,,
7503029522957,SHAKER BLANCO MAGNUM,,,,,0,2,,
7503029522958,SHAKER BLANCO DYMATIZE,,,,,0,0,,
7503029522959,NUTREX SHAKER,,,,,0,76,,
7503029522961,OPTIMO NUTRICION SHAKER,,,,,0,0,,
7503029522982,VAINILLA IMPULSE,,,,,0,21,,
7503029522983,STRAWERRY IMPULSE,,,,,0,10,,
7503029522984,COOKIES IMPULSE,,,,,0,7,,
7503029522985,CHOCOLATE IMPULSE,,,,,0,38,,
7503029522986,PRIMEVAL LABS VAINILLA,,,,,0,28,,
7503029522987,PRIMEVAL LBS COOKIES,,,,,0,30,,
7503029522988,VMS STRAWERRY,,,,,0,30,,
7503029522989,CBUM CINNAMON CRUSCH,,,,,0,30,,
7503029522990,CBUM VAINILLA  AOTMEL COOKIES,,,,,0,27,,
7503029522993,AMINO ENERGY EN POLVO ORANGE,,,,,0,10,,
7503029522994,MACHIATO CON LECHE ENTERA,,,,,0,49,,
7503029522995,LATTE CON LECHE ENTERA,,,,,0,48,,
7503029522998,CAPUCHINO CON LECHE DE ALMENDRAS,,,,,0,35,,
7503029522999,MACHIATO CON LECHE DE ALMENDRAS,,,,,0,50,,
7503029523000,LATTE CON LECHE DE ALMENDRAS,,,,,0,50,,
7503029523005,CELL K.E.M PR V.2 TROPIC THUNDER -EVOGEN,Suplemento Post Entrenamiento Evogen - Cell K.E.M. PR v2 - Recuperación y Rendimiento Físico - Tropic Thunder,19431,7503029523005,variation,19430,16,16,0
7503029523006,GLYCOJET CHERRY- EVOGEN,Carbohidratos en Polvo Evogen - GlycoJect - Energía y Reposición de Glucógeno - Cereza,19290,7503029523006,variation,19289,12,12,0
75030295522933,LEAN GAINER VAINILLA 8 LIBRS FORZAGEN,,,,,0,0,,
75030295522934,NITRI OXIDE BOOSTER 60 VEGAN CAP EMINECE,,,,,0,9,,
75030295522935,MELATONIN 60 VEGAN CAPS EMINECE,,,,,0,12,,
75030295522936,ASWAGANDHA KSM-66 60 VEG CAPS EMINENCE,,,,,0,12,,
75030295522937,VTAMINA D 3 60 VEG CAPS EMINENCE,,,,,0,12,,
75030295522938,EVOFUSION CHOCOLATE PEANUT BUTTER,,,,,0,56,,
753656701202,THINK CREAMYPEANUT BUTTER,,,,,0,0,,
753656701271,THINK BROWNIE CRUNCH,,,,,0,0,,
764009041395,GATORATE UVA,,,,,0,4,,
764009041401,GATORATE NARANJA,,,,,0,23,,
764009041432,GATORATE ROJO,,,,,0,3,,
78656000000,MET--RX SALTED CARAMEL BROWNIE CRUNCH,,,,,0,559,,
786560000642,MET--RX VAINILLA CARAMEL CHURRO,,,,,0,550,,
786560153126,MET-RX SUPER COOKIE CRUNCH,,,,,0,555,,
799142775005,AMINO REVOLUTION + ELECTROLITROS COCONUT 30 SERVI-LANDERFIT,"Amino Revolution + Electrolitos - Landerfit - Rendimiento, Hidratación y Recuperación - Coconut",19959,799142775005,variation,9171,2,2,0
799142775340,SAW PALMETO 500 MG 100 CAPSULAS-LANDERFIT,Saw Palmetto 500 mg – LanderFit – 100 cápsulas – Salud Prostática y Equilibrio Hormonal,14439,799142775340,simple,0,22,22,0
799142775371,PREMIUM WHEY 5 LBS BANANA SPLIT-LANDERFIT,,,,,0,0,,
799142775388,PREMIUM WHEY 5 LBS CHOCOLATE PEANUT BUTTER-LANDERFIT,,,,,0,0,,
799142775395,MUSCLE PUMP FRUIT PUNCH 30 SERV LANDERFIT,"Muscle Pump – LanderFit – Sabor Fruit Punch – Energía, Fuerza y Congestión Muscular",9203,799142775395,simple,0,4,4,0
799142775425,BODY RESTORE 60 CAPSULAS- LANDERFIT,Body Restore – LanderFit – 60 cápsulas – Recuperación Muscular y Reducción del Estrés,14413,799142775425,simple,0,25,25,0
799142775432,DIURETICO 40 CAPSULAS LANDERFIT,Diurético – LanderFit – 40 cápsulas – Eliminación de Líquidos y Reducción de Hinchazón,9215,799142775432,simple,0,16,16,0
799142775449,HORMONAL BALANCE 90 CAPSULAS- LANDERFIT,Hormonal Balance – LanderFit – 90 cápsulas – Equilibrio Hormonal y Bienestar Femenino,14422,799142775449,simple,0,50,50,0
8000070074583,CAPSULA CAFE LAVAZZA,,,,,0,32,,
810014671574,VITAMINA C 120 CAPSULAS,,,,,0,0,,
810014671598,ZING CHELATE 120 CAPSULAS,Zinc Chelate - Nutricost - 120 Cápsulas - Apoyo al Sistema Inmunológico y Salud de la Piel,13392,810014671598,simple,0,2,2,0
810014671659,COQ10 60 CAPSULAS,CoQ10 100 mg - Nutricost - 60 Cápsulas - Salud Cardiovascular y Energía Celular,13373,810014671659,simple,0,0,0,0
810014671666,ALPHA LIPOIC ACID 600 MG 120 CAPSULAS,Alpha Lipoic Acid 600 mg - Nutricost - 120 Cápsulas - Antioxidante Potente y Mejora del Metabolismo,13368,810014671666,simple,0,12,12,0
810014673165,CHROMIO PICOLINATE 10000 MG 240 CAPSULAS,Picolinato de Cromo 1000 mg - Primaforce - 240 Cápsulas - Control de Azúcar en Sangre y Apoyo Metabólico,13372,810014673165,simple,0,2,2,0
810014674001,R-ALPHA LIPOIC ACID 100 MG 120 CAPSULAS,R-Alpha Lipoic Acid - Nutricost - 120 Cápsulas - Antioxidante Potente y Apoyo Metabólico,13383,810014674001,simple,0,9,9,0
810014674834,VITAMINA C 500 MG 240 CAP NUTRICOST,,,,,0,74,,
810014675275,TUDCA 60 CAPSULAS,,,,,0,51,,
810014675282,TUDCA 250 MG 30 CAPSULAS,,,,,0,78,,
810014675367,NAC 120 CAPSULAS,NAC - Nutricost - 120 Cápsulas - Apoyo Respiratorio y Desintoxicación Hepática,13381,810014675367,simple,0,64,64,0
810014675435,VITAMINA B 12 DE 2000 MG 240 CAPSULAS,Vitamina B12 - Nutricost - 240 Cápsulas - Energía Natural y Apoyo al Sistema Nervioso,13387,810014675435,simple,0,0,0,0
810014678627,SHILAJIT 1000NUTRICOST MG 120 CAP,,,,,0,66,,
810014679426,MULTIVITAMINAS 120 CAPSULAS,Multivitaminas - Nutricost - 120 Cápsulas - Salud General y Energía Diaria,13380,810014679426,simple,0,3,3,0
810014679488,RESVERATROL 700 MG 120 CAPSULA,Resveratrol - Nutricost - 120 Cápsulas - Antioxidante Potente y Salud Cardiovascular,13384,810014679488,simple,0,14,14,0
810014679563,VITAMINA E 240 CAPSULAS,,,,,0,0,,
810014679570,YOHIMBINE120 CAPSULAS,Yohimbine - Nutricost - 120 Cápsulas - Apoyo a la Quema de Grasa y Energía,13391,810014679570,simple,0,81,81,0
810069201535,ANGRY SUPLEMENTS CREATINA 300 MG,,,,,0,566,,
810121050286,EVOFUSION CHOCOLATE PEANUTBUTTER 4.78 LBS EVOGEN,,,,,0,310,,
810121050798,EVP 3D ICED MOCHA COFFE-EVOGEN,"Pre-Entreno Evogen EVP-3D - Fuerza, Potencia y Rendimiento - Iced Mocha Coffee",19314,810121050798,variation,19304,8,8,0
810121051290,CARNIGEN PREMIUN LIQUID RAINBON CANDY-EVOGEN,L-Carnitina Líquida - Carnigen Premium - Evogen - Definición y Energía - Rainbow Candy,19357,810121051290,variation,19354,29,29,0
810121051306,CARNIGEN REMIUN LIQUID SOUR GUMMIES-EVOGEN,L-Carnitina Líquida - Carnigen Premium - Evogen - Definición y Energía - Sour Gummies,19356,810121051306,variation,19354,34,34,0
810121052105,ISOJECT FRUITYCREREAL 1.83 LBS ISOJET EVOGEN,Proteína ISOJECT - Evogen - 1.7 LBS - Ganancia y Recuperación - Fruity Cereal,19752,810121052105,variation,19744,9,9,0
810121053232,GLYCOJECT DE 2LB STRAWBERRY LEMONADE EVOGEN,Carbohidratos en Polvo Evogen - GlycoJect - Energía y Reposición de Glucógeno - Limonada de Fresa,19293,810121053232,variation,19289,9,9,0
810121053553,EVP XTREME N.O. STRAWERRY LEMONADE-EVOGEN,Suplemento Pre Entreno Evogen - EVP Xtreme N.O. - Pump y Rendimiento Muscular - Strawberry Lemonade,19411,810121053553,variation,19402,2,2,0
810121053560,EVP 3D STRAWBERRY LEMONADE-EVOGEN,"Pre-Entreno Evogen EVP-3D - Fuerza, Potencia y Rendimiento - Strawberry Lemonade",19311,810121053560,variation,19304,7,7,0
810121053737,EVOFUSION COOKIES AND CREAM 4.6 LBS EVOGEN,Proteína Evofusion - Evogen - 4.6 LBS - Ganancia y Recuperación - Cookies and Cream,19244,810121053737,variation,19242,0,0,0
810121053812,EVP XTREME N.O. POLAR CHERRY FROST-EVOGEN,Suplemento Pre Entreno Evogen - EVP Xtreme N.O. - Pump y Rendimiento Muscular - Polar Cherry Frost,19409,810121053812,variation,19402,8,8,0
810121053966,EVP XTREME PEACH RINGS,Suplemento Pre Entreno Evogen - EVP Xtreme N.O. - Pump y Rendimiento Muscular - Peach Rings,19408,810121053966,variation,19402,3,3,0
810121053980,EVP 3D POLAR CHRRY FROST- EVOGEN,"Pre-Entreno Evogen EVP-3D - Fuerza, Potencia y Rendimiento - Polar Cherry Frost",19309,810121053980,variation,19304,10,10,0
810121053997,EVP 3D VICTORY PUNCH- EVOGEN,"Pre-Entreno Evogen EVP-3D - Fuerza, Potencia y Rendimiento - Victory Punch",19310,810121053997,variation,19304,5,5,0
810121054000,EVP EXTREME N.O. VICTORY PUNCH-EVOGEN,Suplemento Pre Entreno Evogen - EVP Xtreme N.O. - Pump y Rendimiento Muscular - Victory Punch,19407,810121054000,variation,19402,2,2,0
810121054390,EVP XTREME BLUE RASPBERRY EVOGEN,,,,,0,0,,
810121054857,AMINO K.E.M VICTORY PUNCHS- EVOGEN,Aminoácido Evogen - Amino K.E.M. - Energía y Rendimiento - Victory Punch,19257,810121054857,variation,19253,4,4,0
810121055113,VITAMIN D3 EVOGEN,"Vitamina D3 5000 IU - Evogen - Salud Ósea, Inmunidad y Bienestar General",11858,810121055113,simple,0,31,31,0
810121055274,EVP XTREME VICTORY PUNCH EVOGEN,"Pre Entreno EVP Xtreme Victory - Evogen - Energía, Fuerza y Rendimiento Deportivo - Victory Punch",19345,810121055274,variation,19342,0,0,0
810121055298,HIDRATACION LEMON LIME,Evogen Hydration – Electrolitos en Polvo y Voluminizador Muscular Sin Estimulantes - Lemon Lime,19281,810121055298,variation,19277,15,15,0
810121055311,EVP- AQ PREMIUN LIQUID MUSCLE VOLUMIZER VICTIORY PUNCH,,,,,0,0,,
810121055328,EVP-AQ TROPIC THUNDER- EVOGEN,"Pre Entreno - EVP AQ - Evogen - Energía, Enfoque y Rendimiento - Tropic Thunder",19366,810121055328,variation,19364,0,0,0
810121055755,AMINO K.E.N CRAN BERRY POMEGRANATE- EVOGEN,Aminoácido Evogen - Amino K.E.M. - Energía y Rendimiento - Cranberry Pomegranate,19258,810121055755,variation,19253,1,1,0
810121055908,CARNIGEN PREMIUN LIQUID VICTORY PUNCH-EVOGEN,L-Carnitina Líquida - Carnigen Premium - Evogen - Definición y Energía - Victory Punch,19355,810121055908,variation,19354,20,20,0
810121055953,SHAKER GRIS EVOGEN,,,,,0,9,,
810121055960,SHAKER EVOGEN AZUL,,,,,0,5,,
810121056141,LIPOCIDE-IR TANGERINE-EVOGEN,Quemador de Grasa - Lipocide IR - Evogen - Apoyo Metabólico y Definición Corporal - Tangerine,19735,810121056141,variation,19734,20,20,0
810121056158,LIPOCIDE-IR JUCY GRAPPE-EVOGEN,Quemador de Grasa - Lipocide IR - Evogen - Apoyo Metabólico y Definición Corporal - Juicy Grape,19737,810121056158,variation,19734,18,18,0
810121056417,ISOJECT CHOCOLATE PEANUTBUTTER BANANA 1.76 LBS ISOJET EVOGEN,Proteína ISOJECT - Evogen - 1.7 LBS - Ganancia y Recuperación - Chocolate Peanut Butter Banana,19750,810121056417,variation,19744,2,2,0
810121056455,ISOJECT MINI CRISPY COOKIES 1.87 LBS EVOGEN,Proteína ISOJECT - Evogen - 1.7 LBS - Ganancia y Recuperación - Mini Crisp Cookies,19756,810121056455,variation,19744,3,3,0
810121056462,ISOJECT COOKIES AND CREAM 1.82 ISOJET EVOGEN,Proteína ISOJECT - Evogen - 1.7 LBS - Ganancia y Recuperación - Cookies and Cream,19753,810121056462,variation,19744,0,0,0
810121056486,BETA-ALANINE EVOGEN,Beta-Alanine - Evogen - Resistencia Muscular y  Rendimiento Deportivo,11861,810121056486,simple,0,18,18,0
810121056493,L- CITRULINA EVOGEN,,,,,0,0,,
810121056660,ISOJECT CHOCOLATE - 25 SRV EVOGEN,Proteína ISOJECT - Evogen - 1.7 LBS - Ganancia y Recuperación - Chocolate,19749,810121056660,variation,19744,1,1,0
810121056684,ISOJECT VAINILLA COLD BREW COOFFE 1.76 LBSEVOGEN,Proteína ISOJECT - Evogen - 1.7 LBS - Ganancia y Recuperación - Vainilla Cold Brew Coffe,19759,810121056684,variation,19744,1,1,0
810121056707,ISOJECT OATMEAL COOKIE 1.76 LBS ISOJET EVOGEN,Proteína ISOJECT - Evogen - 1.7 LBS - Ganancia y Recuperación - Oatmeal Cookie,19758,810121056707,variation,19744,2,2,0
810121056714,ISOJECT CHURRO 1.71 LBS ISOJET EVOGEN,Proteína ISOJECT - Evogen - 1.7 LBS - Ganancia y Recuperación - Churro,19755,810121056714,variation,19744,1,1,0
810121056721,ISOJECT ICE CREAM SANDWICH 1.82 LBS ISOJET EVOGEN,Proteína ISOJECT - Evogen - 1.7 LBS - Ganancia y Recuperación - Ice Cream Sandwich,19757,810121056721,variation,19744,3,3,0
810121056738,ISOJECT TIRAMISU 1.76 LBS ISOJET EVOGEN,Proteína ISOJECT - Evogen - 1.7 LBS - Ganancia y Recuperación - Tiramisu,19760,810121056738,variation,19744,1,1,0
810121056899,ISOJECT BIRTHDAY CAKE 1.71 LBS ISOJET EVOGEN,Proteína ISOJECT - Evogen - 1.7 LBS - Ganancia y Recuperación - Birthday Cake,19747,810121056899,variation,19744,4,4,0
810121057001,HIDRATACION WATERMELON,Evogen Hydration – Electrolitos en Polvo y Voluminizador Muscular Sin Estimulantes - Watermelon,19279,810121057001,variation,19277,15,15,0
810121057018,HIDRATACION TANGERINE 30M SERVING,Evogen Hydration – Electrolitos en Polvo y Voluminizador Muscular Sin Estimulantes - Tangerine,19280,810121057018,variation,19277,18,18,0
810121057254,EVP XTREME N.O CITRUS CANDY-EVOGEN,Suplemento Pre Entreno Evogen - EVP Xtreme N.O. - Pump y Rendimiento Muscular - Citrus Candy,19405,810121057254,variation,19402,4,4,0
810121057261,HIDRATACION PEACH TEA,Evogen Hydration – Electrolitos en Polvo y Voluminizador Muscular Sin Estimulantes - Peach Tea,19278,810121057261,variation,19277,14,14,0
810121057940,EVP XTREME N.O. JUCY GRAPPE-EVOGEN,Suplemento Pre Entreno Evogen - EVP Xtreme N.O. - Pump y Rendimiento Muscular - Juicy Grape,19406,810121057940,variation,19402,5,5,0
8101210579694,EVP 3D JUCY GRAPPE EVOGEN,"Pre-Entreno Evogen EVP-3D - Fuerza, Potencia y Rendimiento - Juicy Grape",19305,8101210579694,variation,19304,9,9,0
8101210579695,INBODDY DE CORTESIA- VALIDO UN MES MOSTRAR FACTURA,,,,,0,2868,,
8101210579699,VASOS PARA CAFE 8OZ,,,,,0,1056,,
8101210579700,VASOS PARA CAFE 6,,,,,0,247,,
8101210579701,COKIES PROLIVE BIO 5,,,,,0,62,,
8101210579702,CHOCOLATE PROLIVE BIO 5,,,,,0,18,,
8101210579703,STRAWERRY PROLIVE BIO 5,,,,,0,15,,
8101210579704,VAINILLA PROLIVE BIO 5,,,,,0,21,,
8101210579705,WHEY COOKIES PRIMEVAL LABS,,,,,0,56,,
8101210579706,WHEY VAINILLA PRIMEVAL LABS,,,,,0,46,,
8101210579707,CHOCOLATE VMS NUTRICION,,,,,0,29,,
8101210579708,STRWERRY VMS NUTRICION,,,,,0,92,,
8101210579709,VAINILLA VMS NUTRICION,,,,,0,0,,
810121057971,EVP 3D CITRUS CANDY- EVOGEN,"Pre-Entreno Evogen EVP-3D - Fuerza, Potencia y Rendimiento - Citrus Candy",19308,810121057971,variation,19304,6,6,0
8101210579710,CINAMON CRUNCH RAW,,,,,0,24,,
8101210579711,VAINILLA AOTMEAL COKIES RAW,,,,,0,19,,
8101210579712,MASTECH TRIPLE CHOCOLATE BROWNIE,,,,,0,35,,
8101210579713,VASO 16OZ,,,,,0,14,,
8101210579714,VASO 14OZ,,,,,0,82,,
8101210579715,VASO 12 ONZA,,,,,0,27,,
8101210579716,CAPUCHINO PROLIVEBIO 5,,,,,0,92,,
8101210579717,MUSCLE PUMP,,,,,0,2,,
8101210579718,CRYSPI TOFFE PROLIVE BIO 6,,,,,0,94,,
8101210579719,CAPUCHINO PROLIVE BIO 5,,,,,0,80,,
8101210579720,COKIES PROLIVE BIO 5,,,,,0,73,,
8101210579721,VAINILLA PROLIVE BIO 5,,,,,0,53,,
8101210579722,STRAWERRY PROLIVE BIO 5,,,,,0,86,,
8101210579723,AVENA EN HOJUELAS METRO MALL,,,,,0,82,,
8101210579724,PEANUT BUTTER METRO MALL,,,,,0,103,,
8101210579725,FRESAS METRO MALL,,,,,0,30,,
8101210579726,GUINEO- BANANA,,,,,0,38,,
8101210579727,CAFE AMERICANO,,,,,0,0,,
8101210579728,LECHE ENTERA,,,,,0,366,,
8101210579729,LECHE DE ALMENDRAS,,,,,0,568,,
8101210579730,CHOCOLATE PROLIVE BIO 5,,,,,0,80,,
8101210579731,RAPTOR,,,,,0,10,,
8101210579732,CREATINA NUTREX,,,,,0,30,,
8101210579733,AMINO ENERGY ORANGE,,,,,0,65,,
8101210579734,EAAS PINK LEMONADE,,,,,0,50,,
8101210579735,CRISPY TOFFE PROLIVE BIO 6 IMPULSE,,,,,0,102,,
8101210579736,PREWORK BUM BLUE RATHEBERRY,,,,,0,35,,
810121057988,AMINO K.E.M JUICY GRAPE-EVOGEN,Aminoácido Evogen - Amino K.E.M. - Energía y Rendimiento - Juicy Grape,19256,810121057988,variation,19253,5,5,0
810121057995,AMINO K.E.M CITRUS CANDY- EVOGEN,Aminoácido Evogen - Amino K.E.M. - Energía y Rendimiento - Citrus Candy,19255,810121057995,variation,19253,8,8,0
810121058015,CELL K.E.M PEACH RING,Suplemento Post Entrenamiento Evogen - Cell K.E.M. PR v2 - Recuperación y Rendimiento Físico - Peach Rings,19432,810121058015,variation,19430,4,4,0
810121058695,EVP XTREME PATRIOT POP,Suplemento Pre Entreno Evogen - EVP Xtreme N.O. - Pump y Rendimiento Muscular - Patriot Pop,19416,810121058695,variation,19402,4,4,0
810121058701,EVP 3D PATRIOT POP- EVOGEN,"Pre-Entreno Evogen EVP-3D - Fuerza, Potencia y Rendimiento - Patriot Pop",19307,810121058701,variation,19304,11,11,0
810121058954,EVP 3D BLACK LEMONADE-EVOGEN,"Pre-Entreno Evogen EVP-3D - Fuerza, Potencia y Rendimiento - Blackberry Lemonade",19306,810121058954,variation,19304,9,9,0
810121058961,EVP XTREME BLACK BERRY LEMONADA,Suplemento Pre Entreno Evogen - EVP Xtreme N.O. - Pump y Rendimiento Muscular - Sabor Blackberry Lemonade,19404,810121058961,variation,19402,11,11,0
810121058978,AMINO K.E.M BLACK BERRY LEMONADE- EVOGEN,Aminoácido Evogen - Amino K.E.M. - Energía y Rendimiento - Blackberry Lemonade,19263,810121058978,variation,19253,6,6,0
810139571384,MAGNESIO GLYSINATE 210 MG 90 CAP NUTRICOST,,,,,0,55,,
810139571391,MAGNESIUM GLYCINATE,,,,,0,0,,
810139572350,VITAMINA B COMPLEX 120 CAPSULAS,Vitamina B Complex - Nutricost - 120 Cápsulas - Energía y Salud del Sistema Nervioso,13388,810139572350,simple,0,8,8,0
810139572534,BIOTIN 120 CAPSULAS,,,,,0,0,,
810139572879,BERBERINA 60 CAPSULAS,,,,,0,61,,
810139573739,MILK THISTLE 120 CASULAS,Milk Thistle - Nutricost - 120 Cápsulas - Apoyo Hepático y Detoxificación Natural,13379,810139573739,simple,0,2,2,0
810139574088,MAGNESIUM COMPLEX 30 CAPSULAS,,,,,0,54,,
810139574149,NAC DE 600 MG 30 CAPSULAS,NAC - Nutricost - 30 Cápsulas - Apoyo Respiratorio y Desintoxicación Hepática,13382,810139574149,simple,0,23,23,0
810139574170,MAGNESIUM CITRATE 60 CAPSULAS,Citrato de Magnesio - Nutricost - 60 Cápsulas - Relajación Muscular y Salud Ósea,13377,810139574170,simple,0,68,68,0
810139574361,VITAMINA- E 30 CAPSULAS,Vitamina E - Nutricost - 30 Cápsulas - Antioxidante y Salud de la Piel,13390,810139574361,simple,0,21,21,0
810139576402,ZINC CITRATE 50 MG NUTRICOST,,,,,0,66,,
810390025824,CREATINA 72SERV. CELLUCOR,,,,,0,1,,
810390028313,ALPHA AMINO 30 SERV. ICY BLUE RAZZ CELLUCOR,Alpha Amino - Cellucor - 30 Serv - Recuperación y Resistencia Muscular - Icy Blue Razz,18906,810390028313,variation,18903,15,15,0
810390028320,ALPHA AMINO 30 SERV. FRUIT PUNCH CELLUCOR,Alpha Amino - Cellucor - 30 Serv - Recuperación y Resistencia Muscular - Fruit Punch,18907,810390028320,variation,18903,8,8,0
810390028344,ALPHA AMINO 30 SERV. WATERMELON CELLUCOR,Alpha Amino - Cellucor - 30 Serv - Recuperación y Resistencia Muscular - Watermelon,18908,810390028344,variation,18903,14,14,0
811213024840,BPI BEST BCAA FRUIT PUNCH 30 SERV (AMINO BCAA),,,,,0,0,,
811213027094,PROTEINA BPI WHEY HD 4.2LB VANILLA CARAMEL,,,,,0,0,,
811213027117,PROTEINA BPI WHEY HD 4.2LBS MILK AND COOKIES,,,,,0,0,,
811213027513,BPI MICRONIZED CREATINA 600G UNFLAVORED,Creatina Micronizada BPI Sports 600g - 120 Serv - Sin Sabor - Aumenta Fuerza y Rendimiento,140,811213027513,simple,0,105,105,0
811445020405,ZMA PRIMA FORCE ABOLIC MINERAL SUPORT 180 CAPSULAS,ZMA PrimaForce - Nutricost - 180 Cápsulas - Apoyo Hormonal y Mejora del Sueño,13393,811445020405,simple,0,2,2,0
811445021105,CREATINA MICRONIZADA MOHIDRATADA EN CAPSULAS 240 CAPSULAS,,,,,0,0,,
811445021389,ASWHAGANDHA -KSM -66 DE 60 CAPSULAS,,,,,0,0,,
811662020172,CREAKONG CREATINA SUPLENT 75 SERVING,,,,,0,22,,
811662029489,MASS EXTREME 2500 VAINILLA ICE CREAM MUTANT,,,,,0,60,,
811662029496,MASS EXTREME 2500 TRIPLE CHOCOLATE MUTANT,,,,,0,60,,
811662029502,MASS EXTREME 2500 COOKIES & CREAM MUTANT,,,,,0,60,,
812135021658,XTEND ORIGINAL 30 SERV. ITALIAN BLOOD ORANGE,,,,,0,0,,
812135021665,XTEND ORIGINAL 90 SERV. ITALIAN BLOOD ORANGE,Xtend BCAA Original - 90 Serv - Recuperación Muscular - Italian Blood Orange,18911,812135021665,variation,18910,13,13,0
812590416028,MELATONINA 5 MG 120 CAPSULAS- LANDERFIT,Melatonina 5 mg – LanderFit – 120 Tabletas – Sueño Reparador y Relajación Natural,14430,812590416028,simple,0,20,20,0
817189020176,GLYCOJET WATERMELON,Carbohidratos en Polvo Evogen - GlycoJect - Energía y Reposición de Glucógeno - Sandía,19291,817189020176,variation,19289,7,7,0
817189020190,GLYCOJET UN FLAVORED,Carbohidratos en Polvo Evogen - GlycoJect - Energía y Reposición de Glucógeno - Sin Sabor,19292,817189020190,variation,19289,11,11,0
817189020206,GLYCOJECT DE 2LB WILD BERRY EVOGEN,Carbohidratos en Polvo Evogen - GlycoJect - Energía y Reposición de Glucógeno - Wild Berry,19294,817189020206,variation,19289,5,5,0
817189020213,ISOJECT VANILLA BEAN 25 SRV. EVOGEN,,,,,0,1,,
817189020237,ISOJECT CHOCOLATE PEANUT BUTTER 1.97 LBS EVOGEN,Proteína ISOJECT - Evogen - 1.7 LBS - Ganancia y Recuperación - Chocolate Peanut Butter,19751,817189020237,variation,19744,1,1,0
817189020510,ISOJET VAINILLA BEAN 1.85 LBS 28 SERVING EVOGEN,ISOJECT VANILLA BEAN 1.85 LBS 28 SERVING EVOGEN,21335,817189020510,simple,0,20,21,-1
817189022743,EVOFUSION CHOCOLATE SHAKE 4.6 LBS EVOGEN,Proteína Evofusion - Evogen - 4.6 LBS - Ganancia y Recuperación - Chocolate Shake,19245,817189022743,variation,19242,0,0,0
817189022750,EVOFUSION VANILLA BEAN ICE CREAM 4.6 LBS EVOGEN,Proteína Evofusion - Evogen - 4.6 LBS - Ganancia y Recuperación - Vainilla Bean Ice Cream,19243,817189022750,variation,19242,1,1,0
817189024242,COLAGENO + ELECTROLITOS SIN SABOR 30 SERV. EVOGEN,,,,,0,0,,
817189024389,L-CARNITINA EN POLVO RASPBERRY LEMONADE EVOGEN,,,,,0,0,,
817189024396,L-CARNITINA EN POLVO WATERMELON EVOGEN,,,,,0,0,,
817189024532,AMINO K.E.M SOUR WATERMELON- EVOGEN,Aminoácido Evogen - Amino K.E.M. - Energía y Rendimiento - Sour Watermelon,19262,817189024532,variation,19253,7,7,0
817189024549,AMINO K.E.M PATRIOT POP- EVOGEN,Aminoácido Evogen - Amino K.E.M. - Energía y Rendimiento - Patriot Pop,19254,817189024549,variation,19253,10,10,0
817189024587,EVPXTREME SOUR WATERMELON,Suplemento Pre Entreno Evogen - EVP Xtreme N.O. - Pump y Rendimiento Muscular - Sour Watermelon,19414,817189024587,variation,19402,3,3,0
817189024594,EVP -AQ PREMIUN LIQUIDO MUSCLE VOLUMIZER UN FLAVORED,,,,,0,0,,
817189024600,EVP-3D TROPIC THUNDER-EVOGEN,"Pre-Entreno Evogen EVP-3D - Fuerza, Potencia y Rendimiento - Tropic Thunder",19318,817189024600,variation,19304,3,3,0
817189024617,EVP 3D PEACH RINGS-EVOGEN,"Pre-Entreno Evogen EVP-3D - Fuerza, Potencia y Rendimiento - Peach Rings",19312,817189024617,variation,19304,4,4,0
817189025270,EVP XTREME N.O.TROPIC THUNDER- EVOGEN,Suplemento Pre Entreno Evogen - EVP Xtreme N.O. - Pump y Rendimiento Muscular - Tropic Thunder,19415,817189025270,variation,19402,3,3,0
817189025386,EVP 3D SOUR WATERMELON- EVOGEN,"Pre-Entreno Evogen EVP-3D - Fuerza, Potencia y Rendimiento - Sour Watermelon",19316,817189025386,variation,19304,6,6,0
817189025393,AMINO K.E.M TROPIC TUNDER-EVOGEN,Aminoácido Evogen - Amino K.E.M. - Energía y Rendimiento - Tropic Thunder,19260,817189025393,variation,19253,12,12,0
817189025959,L-CARNITINA EN POLVO GRAPE EVOGEN,,,,,0,0,,
817189027298,LIPOCICIDE FAT 60 CAPSULAS EVOGEN,,,,,0,7,,
817189027762,EVP 3D SOUR CANDY- EVOGEN,"Pre-Entreno Evogen EVP-3D - Fuerza, Potencia y Rendimiento - Sour Candy",19317,817189027762,variation,19304,10,10,0
817189027786,LIPOCIDE WATERMELON TERMOGENICO EVOGEN,,,,,0,1,,
817189027793,LIPOCIDE- IR FRUIT PONCHS-EVOGEN,Quemador de Grasa - Lipocide IR - Evogen - Apoyo Metabólico y Definición Corporal - Fruit Punch,19736,817189027793,variation,19734,37,37,0
817189028240,EVP XTREME N.O. BLUEBERRY APPLE-EVOGEN,Suplemento Pre Entreno Evogen - EVP Xtreme N.O. - Pump y Rendimiento Muscular - Blueberry Apple,19412,817189028240,variation,19402,2,2,0
817189028257,EVP 3D BLUEBERRY APPLE-EVOGEN,"Pre-Entreno Evogen EVP-3D - Fuerza, Potencia y Rendimiento - Blueberry Apple",19315,817189028257,variation,19304,10,10,0
817189028264,AMINO K.E.M BLUEBERRY APPLE-EVOGEN,Aminoácido Evogen - Amino K.E.M. - Energía y Rendimiento - Blueberry Apple,19261,817189028264,variation,19253,8,8,0
817189028301,FUNELL - ENBUDO NEGRO EVOGEN,,,,,0,32,,
817189028318,FUNELL-ENBUDO AZUL EVOGEN,,,,,0,23,,
817189028523,AMINO K.E.M SOUR CANDY- EVOGEN,Aminoácido Evogen - Amino K.E.M. - Energía y Rendimiento - Sour Candy,19259,817189028523,variation,19253,7,7,0
817189028530,EVP XTREMEN.O. SOUR CANDY-EVOGEN,Suplemento Pre Entreno Evogen - EVP Xtreme N.O. - Pump y Rendimiento Muscular - Sour Candy,19413,817189028530,variation,19402,2,2,0
817189028981,ISOJECT DE 4 LBS CHOCOLATE EVOGEN,Proteína ISOJECT - Evogen - 4 LBS - Isolatada para Ganancia Muscular - Chocolate,19237,817189028981,variation,19235,1,1,0
817189028998,ISOJECT COOKIE AND CREAM 4 LBS EVOGEN,Proteína ISOJECT - Evogen - 4 LBS - Isolatada para Ganancia Muscular - Cookie and Cream,19236,817189028998,variation,19235,2,2,0
817189029032,CREATINA MICRONIZADA MONOHIDRATADA 60SERV. EVOGEN,Creatina Micronizada Monohidratada - Evogen - 60 Serv - Suplemento para Fuerza y Rendimiento,11853,817189029032,simple,0,46,46,0
817189029087,ISOJECT CINAMON CRUNCH 1.77 EVOGEN,Proteína ISOJECT - Evogen - 1.7 LBS - Ganancia y Recuperación - Cinnamon Crunch,19754,817189029087,variation,19744,2,2,0
817189029100,EVP 3D SMASHIN PASSION ORANGE-EVOGEN,"Pre-Entreno Evogen EVP-3D - Fuerza, Potencia y Rendimiento - Smashin Passion Orange",19313,817189029100,variation,19304,9,9,0
817189029117,EVP XTREME SMASHIN PASSION ORANGE,Suplemento Pre Entreno Evogen - EVP Xtreme N.O. - Pump y Rendimiento Muscular - Smashin Passion Orange,19410,817189029117,variation,19402,7,7,0
829263000028,NITRO UP BLEND 5 LBS - COOKIES & CREAM - MUSCLEOLOGY,Proteína Nitro-Up – Muscleology – 5 LBS - Cookies and Cream,18953,829263000028,variation,18946,6,6,0
829263000066,NITRO UP BLEND VAINILLA 5 LBS - MUSCLEOLOGY,Proteína Nitro-Up – Muscleology – 5 LBS - Vainilla,18952,829263000066,variation,18946,5,5,0
829263000073,NITRO BLEND UP DE 5 LBS CHOCOLATE MUSCLEOLOGY,,,,,0,5,,
829263000080,BLEND NITRO UP DE 2LB COOKIES AND CREAM MUSCLEOLOGY,,,,,0,0,,
829263000110,MASS-OLOGY DE VAINILLA 6LB MUSCLEOLOGY,,,,,0,0,,
829263000127,MASS-OLOGY DE CHOCOLATE 6LB MUSCLEOLOGY,,,,,0,0,,
829263000134,BLEND NITRO UP DE 2LB VAINILLA MUSCLEOLOGY,,,,,0,0,,
829263000172,VITE-OLOGY MULTIVITAMINICO MUSCLEOLOGY,,,,,0,25,,
829263000189,COLLAGENO ENERGIZADO PEPTIDES AMPD BERRY - MUSCLEOLOGY,Colageno AMP’D - Muscleology - Sabor Berry Rita Burst - 30 srv - Colágeno Hidrolizado con Ácido Hialurónico,11165,829263000189,simple,0,3,3,0
829263000240,BCCA SUPER 8 MARACUYA 30 SERV - MUSCLEOLOGY,BCAA Super 8 - Muscleology - Sabor Maracuyá - 30 Serv - Recuperación Muscular y Resistencia,11192,829263000240,simple,0,2,2,0
829263000257,L-CARNITINA LIQUIDA 3000M FRUIT PONCH MUSCLEOLOGY,,,,,0,0,,
829263114138,SLEDGE HAMMER FRUIT CRUSH PRE-WORKOUT MUSCLEOLOGY,,,,,0,0,,
829263210137,CATEGORY 5 - CREATINA POWDER STIM FREE PREWORKOUT - MUSCLEOLOGY,"Creatina Sin Estimulantes - Categoría 5 - Muscleology – Sabor StrawBurst - Fuerza, Resistencia y Rendimiento Óptimo",11149,829263210137,simple,0,30,30,0
829263227135,DTOX KIDNEY DETOXIFIER MUSCLEOLOGY,Dtox Desintoxicante Renal – Muscleology – 90 Cápsulas – Apoyo natural para hígado y riñones,11154,829263227135,simple,0,39,39,0
829263228132,CLA HEALTHY WEIGHT MANAGEMENT MUSCLEOLOGY,,,,,0,0,,
829263300012,TESTOSTERONA REDTEST MUSCLEOLOGY,,,,,0,0,,
829263411121,SLEDDGE HAMMER PREWORKOUT PINIAPLE MUSCLEOLOGY,,,,,0,3,,
829263411138,BLEND NITRO UP DE 2LB CHOCOLATE MUSCLEOLOGY,,,,,0,0,,
829263600013,DPX CUTS ADVANCED DIURETIC MUSCLEOLOGY,,,,,0,1,,
829263895006,E-CINERATOR EXTREME FAT LOSS MUSCLEOLOGY,,,,,0,0,,
834266006106,BSN SYNTHA 6 VANILLA 2.91 LBS (PROTEINA),,,,,0,0,,
839138003023,FIT CRUNCH CHOCOLATE PEANUT BUTTER,,,,,0,45,,
842595105049,C4 RIPPED TROPICAL PUNCH 30 SERV (PRE-WORK) CELLUCOR,,,,,0,0,,
842595105063,C4 RIPPED ICY BLUE RAZZ 30 SERV (PRE-WORK) CELLUCOR,,,,,0,0,,
842595106039,C4 ORIGINAL FRUIT PUNCH 30 SERV (PRE-WORK) CELLUCOR,,,,,0,0,,
842595106046,C4 ORIGINAL FRUIT PUNCH 60 SERV (PRE-WORK) CELLUCOR,,,,,0,0,,
842595106077,C4 ORIGINAL ICE BLUE RAZZ 30 SERV (PRE-WORK) CELLUCOR,,,,,0,0,,
842595106084,C4 ORIGINAL ICE BLUE RAZZ 60 SERV (PRE-WORK) CELLUCOR,Pre-entrenamiento - Cellucor C4 Original - 60 Serv - Energía y Enfoque - Ice Blue Razz,18919,842595106084,variation,18917,0,0,0
842595106114,C4 ORIGINAL PINK LEMONADE 30 SERV (PRE-WORK) CELLUCOR,,,,,0,0,,
842595106121,C4 ORIGINAL PINK LEMONADE 60 SERV (PRE-WORK) CELLUCOR,,,,,0,0,,
842595106572,C4 PERFORMANCE ENERGY 16OZ STRAWBERY WATTERMELON ICE,"Bebida Energética C4 Performance Energy - 16 oz - Pack de 12 - Energía, Enfoque y Rendimiento Diario - Strawberry Watermelon Ice",20466,842595106572,variation,20464,84,85,-1
842595106596,C4 PERFORMANCE ENERGY 16OZ FROZEN BOMBSICLE,"Bebida Energética C4 Performance Energy - 16 oz - Pack de 12 - Energía, Enfoque y Rendimiento Diario - Frozen Bombsicle",20474,842595106596,variation,20464,51,51,0
842595106619,C4 PERFORMANCE ENERGY 16OZ ARCTIC SNOW CONE,"Bebida Energética C4 Ultimate Energy Carb WWP - 16 oz - Pack de 12 - Energía, Resistencia y Rendimiento Físico - Artic Snow Cone",20431,842595106619,variation,20430,42,43,-1
842595109368,C4 PERFORMANCE ENERGY 16OZ ORANGE SLICE,,,,,0,0,,
842595109832,C4 PERFORMANCE ENERGY 16OZ ORANGE STARBURST,,,,,0,0,,
842595111071,C4 PERFORMANCE16OZ CHERRYLIMEADE,"Bebida Energética C4 Performance Energy - 16 oz - Pack de 12 - Energía, Enfoque y Rendimiento Diario - Limeade Cherry Bomb",20465,842595111071,variation,20464,96,96,0
842595111095,C4 PERFORMANCE ENERGY 16OZ MIDNIGTH CHERRY,"Bebida Energética C4 Performance Energy - 16 oz - Pack de 12 - Energía, Enfoque y Rendimiento Diario - Mindnight Cherry",20477,842595111095,variation,20464,70,70,0
842595114980,C4 RIPPED RASPBERRY LEMONADE 30 SERV (PRE-WORK) CELLUCOR,,,,,0,0,,
842595117080,C4 PERFORMANCE ENERGY 16OZ PEACH MANGO,,,,,0,0,,
842595119831,C4 PERFORMANCE ENERGY 16OZ SPARLING CHERY BERRY LIME,,,,,0,0,,
842595121650,C4 PERFORMANCE 16OZ FRUIT PUNCH,"Bebida Energética C4 Ultimate Energy Carb WWP - 16 oz - Pack de 12 - Energía, Resistencia y Rendimiento Físico - Fruit Punch",20432,842595121650,variation,20430,83,83,0
842595121759,C4 PERFORMANCE ENERGY 16OZ STRAWBERRY BLAST,"Bebida Energética C4 Performance Energy - 16 oz - Pack de 12 - Energía, Enfoque y Rendimiento Diario - Strawberry Blast",20472,842595121759,variation,20464,91,91,0
842595121766,C4 PERFORMANCE COSMIC RAINBOW,"Bebida Energética C4 Performance Energy - 16 oz - Pack de 12 - Energía, Enfoque y Rendimiento Diario - Cosmic Rainbow",20471,842595121766,variation,20464,117,118,-1
842595127027,C4 PERFORMANCE ENERGY 16OZ ORANGE CREAM,,,,,0,0,,
842595129342,XTEND VASO,,,,,0,25,,
842595130999,C4 PERFORMANCE 16OZ SOUR BLUE RAZZILLA,,,,,0,54,,
842595131253,C4 PERFORMANCE 16OZ CHERRY,"Bebida Energética C4 Performance Energy - 16 oz - Pack de 12 - Energía, Enfoque y Rendimiento Diario - Cherry Popsicle",20470,842595131253,variation,20464,91,91,0
842595131277,C4 PERFORMANCE 16OZ POPSICLE GRAPE,"Bebida Energética C4 Performance Energy - 16 oz - Pack de 12 - Energía, Enfoque y Rendimiento Diario - Grape Popsicle",20475,842595131277,variation,20464,185,185,0
842595131291,C4 PERFORMANCE 16OZ HAWAIIAN PINEAPLE,"Bebida Energética C4 Performance Energy - 16 oz - Pack de 12 - Energía, Enfoque y Rendimiento Diario - Hawaiian Pineaple Popsicle",20467,842595131291,variation,20464,2899,2903,-4
842595131628,C4 PERFORMANCE 16OZ CREAMISCLE,"Bebida Energética C4 Performance Energy - 16 oz - Pack de 12 - Energía, Enfoque y Rendimiento Diario - Orange creamsicle",20468,842595131628,variation,20464,73,73,0
842595131727,C4 PERFORMANCE 16OZ ELECTRIC SOUR APPLE,"Bebida Energética C4 Ultimate Energy - 16 oz - Pack de 12 - Energía, Enfoque y Rendimiento Físico - Electric Sour Apple",20447,842595131727,variation,20442,69,70,-1
842595131741,C4 PERFORMANCE 16OZ ATOMIC GRAPE,"Bebida Energética C4 Ultimate Energy - 16 oz - Pack de 12 - Energía, Enfoque y Rendimiento Físico - Atomic Grape",20445,842595131741,variation,20442,34,35,-1
842595133608,C4 PERFORMANCE ENERGY 16OZ HAWAIIAN PUNCH TROPIC JUICE,"Bebida Energética C4 Performance Energy - 16 oz - Pack de 12 - Energía, Enfoque y Rendimiento Diario - Hawaiian Punch",20476,842595133608,variation,20464,62,62,0
842595134957,C4 PERFORMANCE ENERGY 16OZ BLUE RASPBERRY JOLLY RANCHER,"Bebida Energética C4 Performance Energy - 16 oz - Pack de 12 - Energía, Enfoque y Rendimiento Diario - Blue Raspberry Jolly Rancher",20469,842595134957,variation,20464,89,89,0
842595134964,C4 PERFORMANCE ENERGY 16OZ WATERMELON JOLLY RANCHER,"Bebida Energética C4 Performance Energy - 16 oz - Pack de 12 - Energía, Enfoque y Rendimiento Diario - Watermelon Jolly Rancher",20478,842595134964,variation,20464,86,86,0
842595134971,C4 PERFORMANCE ENERGY 16OZ GREEN APPLE JOLLY RANCHER,"Bebida Energética C4 Performance Energy - 16 oz - Pack de 12 - Energía, Enfoque y Rendimiento Diario - Green Apple Jolly Rancher",20473,842595134971,variation,20464,81,81,0
842595135534,C4 PERFORMANCE 16OZ FROST BITTEN CITRUS,"Bebida Energética C4 Ultimate Energy - 16 oz - Pack de 12 - Energía, Enfoque y Rendimiento Físico - Frost Bitten Citrus",20448,842595135534,variation,20442,47,47,0
842595135541,C4 PERFORMANCE CHERRY BOMB FROST,"Bebida Energética C4 Ultimate Energy - 16 oz - Pack de 12 - Energía, Enfoque y Rendimiento Físico - Cherry Bomb Frost",20446,842595135541,variation,20442,31,33,-2
842595135558,C4 PERFORMANCE 16OZ TROPICAL TUNDRA FROST,"Bebida Energética C4 Ultimate Energy - 16 oz - Pack de 12 - Energía, Enfoque y Rendimiento Físico - Tropical Tundra",20449,842595135558,variation,20442,62,64,-2
842595136050,C4 16 OZ SOUR GUMMY SPLAS,,,,,0,1843,,
842595138269,C4 PERFORMANCE 16OZ CLASSIC LEMONADE,,,,,0,87,,
842595139310,C4 PERFORMANCE 16OZ MANGO FUEGO,,,,,0,30,,
850005755807,NUTREX BCAA 6000 GREEN APPLE 30 SERV,,,,,0,4,,
850005755876,ANABOL HARDCORE 60 CAPSULAS NUTREX,,,,,0,0,,
850015842,CITRUS GRAPEFRUIT ESENCIAL PREWORK,,,,,0,0,,
850016779359,BROWNIE +COLLAGEN BIRTHDAY CAKE BLONDIE,Brownie con Colágeno﻿ - Cuidado de Piel y Salud - Birthday Cake Blondie﻿,19047,850016779359,variation,19043,81,81,0
850016779366,BROWNIE + COLLAGEN RED VELVET,Brownie con Colágeno﻿ - Cuidado de Piel y Salud - Red Velvet,19045,850016779366,variation,19043,72,72,0
850016779373,BROWNIE CHOCOLATE FUDGE,Brownie con Colágeno﻿ - Cuidado de Piel y Salud - Chocolate Fudge,19044,850016779373,variation,19043,204,204,0
850026029055,WHEY 100% VAINILLA 2 LBS NUTREX,Proteína Whey - Nutrex - 2 LBS - Aumento de Masa Muscular y Recuperación - Vainilla,19802,850026029055,variation,19800,73,73,0
850026029062,PROTEINA 100% WHEY VANILLA 5LB NUTREX,,,,,0,0,,
850026029079,WHEY 100 % CHOCOLATE 2 LBS 26 SERVING NUTREX,Proteína Whey - Nutrex - 2 LBS - Aumento de Masa Muscular y Recuperación - Chocolate,19801,850026029079,variation,19800,80,80,0
850026029086,PROTEINA 100% WHEY CHOCOLATE 5LB NUTREX,,,,,0,0,,
850026029314,LIPO 6 BCCA WASTERMELO 30 SERV NUTREX,,,,,0,0,,
850026029925,CREATINA MONOHIDRATE 200 SERVING NUTREX,Creatina Monohidratada - Nutrex - 200 Serv - Aumento de Fuerza y Rendimiento Muscular,13114,850026029925,simple,0,352,356,-4
850030689016,ASHWAGANDHA KSM-66 REVIVE,Ashwagandha KSM-66 Revive - Reducción del Estrés y Mejora del Enfoque Mental,11248,850030689016,simple,0,16,17,-1
850030689054,VITAMINA C REVIVE,,,,,0,1,,
850030689153,OPTIZINC REVIVE,OptiZinc Revive - 60 Cápsulas - Suplemento para Salud de la Piel y Sistema Inmunológico,11224,850030689153,simple,0,18,18,0
850030689191,OMEGA 3 REVIVE,,,,,0,2,,
850030689214,MULTI VITAMIN REVIVE,Multi Vitamina Revive - Suplemento Multivitamínico para Salud General y Energía,11236,850030689214,simple,0,7,7,0
850030689252,LIVER HEALTHY REVIVE,Suplemento para Salud del Hígado - Revive - Salud Hepática y Detoxificación,11230,850030689252,simple,0,15,15,0
850030689276,MULTI MINERAL REVIVE,Multi Mineral Revive - Suplemento para Salud General y Energía,11229,850030689276,simple,0,34,34,0
850030689283,VITAMIN K2 & D3 REVIVE,Vitamin K2 & D3 Revive - Salud Ósea y Función Inmunológica,11242,850030689283,simple,0,5,5,0
850030689313,GLUTAMINE REVIVE,,,,,0,0,,
850030689368,MAGNESIUM CLYCINATE 120CAPS REVIVE,,,,,0,0,,
850030689450,VITAMIN D3 REVIVE,Vitamina D3 Revive - Apoyo al Sistema Inmunológico y Salud Ósea,11255,850030689450,simple,0,55,55,0
850030689467,NAC REVIVE,NAC Revive - Antioxidante y Apoyo al Sistema Respiratorio,11247,850030689467,simple,0,19,19,0
850030689603,COLAGENO UNFLAVORED REVIVE,,,,,0,0,,
850036825739,PB FIT PEANUT BUTTER CHOCOLATE,,,,,0,0,,
850039445156,CBUM-THAVAGE - PRE-GREEN - CRUSH,,,,,0,0,,
850039445194,PUMP- LEMONADE,,,,,0,0,,
850039445279,BUM-ENERGY - CHERRY FROST,,,,,0,0,,
850039445286,BUM-ENERGY - ORANGE,,,,,0,0,,
850039445347,RAW PUMP - STRABERRY - LEMONADE,,,,,0,0,,
850039445354,RAW-EAA-STRAWBERRY LEMONADE 25 SERVING,,,,,0,0,,
850039445491,CBUM-ITHOLATE-MINT CHIP ICE CREAM-PB - 2LB (ISOLATADA),,,,,0,0,,
850039445613,RAW-EAA-ISLAND-SLUSHIE (AMINOACIDOS ESSENCIALES),,,,,0,0,,
850039445668,RAW-ESSENTIAL - PRE-WORKOUT ORANGE 30 SERVING,,,,,0,800,,
850039445675,RAW-ESSENTIAL - WATERMELON-1,,,,,0,0,,
850039445798,CBUM PROTEINA 2 LBS  ITOLATE BIRTHAY CAKE,Proteína Isolatada - Raw - 2 lb - Recuperación Muscular y Aumento de Masa - Birthday Cake,19032,850039445798,variation,19029,16,16,0
850039445958,CBUM-THAVAGE- PRE-6PEAT,,,,,0,0,,
850039445972,THAVAGE - PEACH-BUM,,,,,0,0,,
850044753161,CREATINA MONOHIDRATADA 60 SERV PRIMEVAL,,,,,0,0,,
850044753833,PROTEINA DE 4.8 LB COOKIE & CREAM PRIMEVAL LABS,Proteína Primeval Labs - 4.8 lb - Recuperación Muscular y Aumento de Masa - Cookies & Cream,18978,850044753833,variation,18977,63,63,0
850044753857,PROTEINA DE 4.8 LB VAINILLA PRIMEVAL LABS,Proteína Primeval Labs - 4.8 lb - Recuperación Muscular y Aumento de Masa - Vanilla,18979,850044753857,variation,18977,68,68,0
850046504662,WHEY 100% CHOLATE 10 LBS 128 SERVING NUTREX,,,,,0,0,,
850046504679,WHEY 100% VAINILLA 10 LBS 134 SERVING NUTREX,,,,,0,0,,
850046504723,"TRIBULUS 1400, 90 CAPSULAS NUTREX",Tribulus 1400 - Nutrex - 90 Cápsulas - Aumento de Testosterona y Energía Física,9546,850046504723,simple,0,2,2,0
850049150156,CBUM-THAVAGE - PRE-ROCKET - CANDY,,,,,0,3,,
850049150163,CBUM-THAVAGE - PRE-BLACKBERRY - LEMONADE,,,,,0,0,,
850049150170,THAVAGE- DRAGONFRUIT,,,,,0,0,,
850049150231,RAW-ESSENTIAL - FRUIT-BURST,,,,,0,0,,
850049150262,ESSENTIAL-BURNER (QUEMADOR DE GRASA),Essential Burner - RAW - Acelerador del Metabolismo y Reducción de Peso,8901,850049150262,simple,0,4,4,0
850049150286,CBUM-ITHOLATE-PROTEIN-FROSTED FRENCHIE COOKIES - 2LB (ISOLATADA),,,,,0,0,,
850049150293,RAW-ESSENTIAL - PEACH-MANGO,,,,,0,0,,
850049150347,BUM-ENERGY - CITRUS BURST,,,,,0,0,,
850049150392,CBUM ITOLATE PROTEIN 2 LBS STRAWERRY BUN CAKE,Proteína Isolatada - Raw - 2 lb - Recuperación Muscular y Aumento de Masa - Strawberry Bun Cake,19034,850049150392,variation,19029,4,4,0
850049150439,INT-CBUM-ITHOLATE-CHOCO-FL - 5LB (ISOLATADA),,,,,0,0,,
850049150446,INT-CBUM-ITHOLATE-VANILLA-FL - 5LB (ISOLATADA),Proteína Isolatada - Raw - 5 lb - Recuperación Muscular y Aumento de Masa - Vainilla,19024,850049150446,variation,19004,1,1,0
850049150453,INT-CBUM-ITHOLATE-CNC-FL - 5LB (ISOLATADA),,,,,0,1,,
850049150460,RAW-WHEY-BLEND-PROTEIN-CHOCOLATE-FL - 5LB,,,,,0,0,,
850049150477,INT-WHEY-BLEND-VANILLA-FL - 5LB (PROTEINA BLEND),,,,,0,1,,
850049150507,THAVAGE - PEACH-BUM-FL,,,,,0,0,,
850049150514,THAVAGE - SECRET-STUFF,,,,,0,0,,
850049150613,BETA ALANINE 60 SERVING RAW,Beta Alanine - RAW - 60 Serv - Mejora de Resistencia Muscular y Rendimiento Deportivo,11862,850049150613,simple,0,6,6,0
850049150651,INT-WHEY-BLEND-COOKIES-CREAM-F L - 5LB (PROTEINA BLEND),Proteína Whey Blend - RAW - 5 lb - Recuperación Muscular - Cookies Cream FL,19123,850049150651,variation,19121,4,4,0
850049150675,RAW ESSENTIALS CREATINE MONOHYDRATE 100 SERV.,,,,,0,0,,
850049150682,RAW-JUICY - PUMPS,,,,,0,0,,
850049150842,ESSENTIAL - CITRUS - GRAPE - FRUIT,,,,,0,0,,
850049150859,NEW PROTEIN COFFEE CAKE MASTER CASE - 21G DE PROTEINA (NEW),,,,,0,0,,
850049150965,BUM-ENERGY - BLUE SNOW,,,,,0,2,,
850050186045,CREATINA PRIMAL 180 CAP NUTRICOST,,,,,0,67,,
850057175042,NEW PROTEIN DOUBLE CHOCOLATE MASTER CASE - 21G DE PROTEINA (NEW),,,,,0,0,,
850057175295,BUM-ENERGY - ROOT BEER,,,,,0,11,,
850057175349,RAW ESSENTIALS CREATINE MONOHYDRATE 50 SERV.,,,,,0,0,,
850057175356,CBUM-ITHOLATE-PROTEIN-VANILLA-OA TMEAL COOKIE - 5LB (ISOLATADA),Proteína Isolatada - Raw - 5 lb - Recuperación Muscular y Aumento de Masa - Oatmeal Cookie,19023,850057175356,variation,19004,0,2,-2
850057175363,INT-CBUM-ITHOLATE- CINNAMON CRUNCH  - 5LB (ISOLATADA),,,,,0,0,,
850057175615,CBUM-ITHOLATE-PROTEIN-MILK AND COOKIES- 2LB (ISOLATADA),,,,,0,0,,
850057175646,BUM ESENCIAL PERFORMANCE NO-STIM BLUE RATHBERRY,,,,,0,256,,
850060362675,WHEY 100% COOKIES AND CREAN 2LBS NUTREX,Proteína Whey - Nutrex - 2 LBS - Aumento de Masa Muscular y Recuperación - Cookies and Cream,19803,850060362675,variation,19800,80,80,0
853237000202,NUTREX LIPO-6 CLA 45CT NUTREX,Lipo-6 CLA - Nutrex - 45 Cápsulas - Reducción de Grasa Corporal y Control del Peso,8690,853237000202,simple,0,2,2,0
853237000738,PROTEINA ISOFIT COOKIES &CREAM 30 SERV. NUTREX,Proteína ISOFIT  – Nutrex – 30 Serv – Aumento de Masa Muscular y Recuperación - Cookies & Cream,19780,853237000738,variation,19778,61,7,54
853237000745,CREATINA MONOHIDRATADA DRIVE 300G NUTREX,Creatina Monohidratada 60 serv - Nutrex - Aumento de Fuerza y Rendimiento Muscular,268,853237000745,simple,0,1805,1808,-3
853237000769,ISOFIT COOKIES AND CREAM 70SRV 5 LBS NUTREX,Proteína ISOFIT - Nutrex - 5 LBS - Aumento de Masa Muscular y Recuperación - Cookies and Cream,19792,853237000769,variation,19790,2,3,-1
853237000837,ISOFIT 30 SERVING STRAWERRY NUTREX,Proteína ISOFIT  – Nutrex – 30 Serv – Aumento de Masa Muscular y Recuperación - Sabor Strawberry,19779,853237000837,variation,19778,60,60,0
853519004102,CREAKONG CREATINE AMINO SUPLEMENT30 SERVING,,,,,0,38,,
857268005410,NUTREX L-CARNITINA LIQUIDA 3000ML BERRY BLAST 16 SERV,,,,,0,0,,
857268005977,MASS FUSION VAINILLA 12 LBS NUTREX,,,,,0,0,,
857268005984,MASS FUSION CHOCOLATE 12 LBS NUTREX,,,,,0,0,,
859400007337,PROTEINA ISOFIT CHOCOLATE SHAKE 30 SERV. NUTREX,Proteína ISOFIT  – Nutrex – 30 Serv – Aumento de Masa Muscular y Recuperación - Chocolate Shake,19781,859400007337,variation,19778,57,58,-1
859400007344,ISOFIT BANANAS FOSTER 30SRV NUTREX,,,,,0,54,,
859400007559,ISOFIT VAINILLA ICE CREAM 2 LBS. NUTREX,Proteína ISOFIT  – Nutrex – 30 Serv – Aumento de Masa Muscular y Recuperación - Vanilla Ice Cream,19782,859400007559,variation,19778,78,78,0
859400007566,ISOFIT VANILLA BEAN 70SRV 5LBS NUTREX,,,,,0,0,,
859400007580,ISOFIT CHOCOLATE SHAKE 70 SERV 5 LBS NUTREX,Proteína ISOFIT - Nutrex - 5 LBS - Aumento de Masa Muscular y Recuperación - Chocolate Shake,19793,859400007580,variation,19790,1,1,0
859400007719,BCAA 6000 WATERMELON 30 SERV NUTREX,,,,,0,0,,
860007286902,CBUM PROTEINA  ISOLATADA 2 LBS VAINILLA OATMEAL COOKIES,Proteína Isolatada - Raw - 2 lb - Recuperación Muscular y Aumento de Masa - Vanilla Oatmeal Cookies,19031,860007286902,variation,19029,12,12,0
860007286919,PROTEINA ISOLATADA DE 2 LBS CINNAMON  CRUNCH CEREAL,Proteína Isolatada - Raw - 2 lb - Recuperación Muscular y Aumento de Masa - Cinnamon Crunch Cereal,19033,860007286919,variation,19029,6,6,0
860007286988,RAW-PROTEIN-COOKIES-N-CREAM - 2LB (ISOLATADA),,,,,0,0,,
860007286995,RAW-PROTEIN-CHOCOLATE - 2LB (ISOLATADA),,,,,0,0,,
860007357510,RAW-PROTEIN-VANILLA - 2LB (ISOLATADA),,,,,0,0,,
860007357527,RAW-EAA-WATERMELON (AMINOACIDOS ESSENCIALES),,,,,0,0,,
860007357572,PUMP - PINEAPPLE,,,,,0,0,,
860007357589,RAW-EAA-KIWI BLUEBERRY 25 SERVING,,,,,0,1,,
860007448911,RAW-SLEEP-STRAWBERRY-KIWI (SOPORTE PARA UN MEJOR SUEÑO REPARADOR),RAW Sleep - Mejora del Sueño Reparador y Relajación - Strawberry Kiwi,19001,860007448911,variation,19000,15,15,0
860007448928,RAW-SLEEP-MIXED BERRY (SOPORTE PARA UN MEJOR SUEÑO REPARADOR),RAW Sleep - Mejora del Sueño Reparador y Relajación - Mixed Berry,19002,860007448928,variation,19000,17,17,0
860007448959,RAW-EAA-PINEAPPLE (AMINOACIDOS ESSENCIALES),,,,,0,0,,
860007448966,RAW TEST,RAW TEST - Aumento de Testosterona y Rendimiento Deportivo,10709,860007448966,simple,0,0,0,0
860008412199,BROWNIE LEMON ZEST,Brownie con Colágeno﻿ - Cuidado de Piel y Salud - Lemon Zets,19046,860008412199,variation,19043,88,88,0
860008634443,PROTEIN COOKIE CHOCOLATE CHIP,Galleta Proteica - Alta en Proteínas y Sabor Delicioso - chispas de chocolate,19056,860008634443,variation,19055,36,36,0
860008634467,PROTEIN COOKIE PEANUT BUTTER,Galleta Proteica - Alta en Proteínas y Sabor Delicioso - mantequilla de mani,19057,860008634467,variation,19055,45,45,0
891597002160,PROTEINA 4LBS FRUIT PONCH CARNIVOR (MUSCLE MEDS),,,,,0,0,,
891597002535,PROTEINA 2 LBS CHOCOLATE CARNIVOR (MUSCLE MEDS),,,,,0,0,,
891597002542,PROTEINA 4 LBS CHOCOLATE CARNIVOR (MUSCLE MEDS),Proteína - Carnivor - MuscleMeds - Sabor Chocolate - 4 LBS - Aumento de Masa Muscular,8554,891597002542,simple,0,60,60,0
891597002641,PROTEINA MASS CHOCOLATE FUDGE 5.83 LBS CARNIVOR,,,,,0,0,,
891597002658,PROTEINA MASS VAINILLA CARAMELL 5.78 CARNIVOR,,,,,0,0,,
891597002672,PROTEINA 4LBS VANILLA CARAMEL CARNIVOR (MUSCLE MEDS),,,,,0,0,,
891597002689,PROTEINA 2LBS VANILLA CARAMEL CARNIVOR (MUSCLE MEDS),,,,,0,0,,
891597002757,BEEF AMINOS CAPS 300 TABLETAS CARNIVOR,,,,,0,1,,
891597003655,PROTEINA 4LBS CHOCOLATE PEANUT CARNIVOR (MUSCLE MEDS),,,,,0,0,,
891597003679,PROTEINA MASS CHOCOLATE FUDGE 10.4 LBS CARNIVOR,,,,,0,0,,
891597003747,PROTEINA MASS VAINILLA 10.30 LBS CARNIVOR,,,,,0,0,,
891597003778,PROTEINA 4 LBS STRAWBERRY CARNIVOR (MUSCLE MEDS),,,,,0,0,,
891597004034,RTD CARNIVOR 500ML CHOCOLATE (MUSCLE MEDS),Proteína RTD Carnivor 500 ml – Proteína Lista para Beber Recuperación y Crecimiento Muscular - Chocolate,20406,891597004034,variation,11808,728,730,-2
891597004058,PROTEINA MASS STRAWERRY 5.79 LBS CARNIVOR,,,,,0,0,,
891597004065,"PROTEINA MASS CHOCOLATE PANUT BUTER 5,9 LBS CARNIVOR",,,,,0,0,,
891597004560,PROTEINA SHRED 2 LBS CHOCOLATE CARNIVOR (MUSCLE MEDS),,,,,0,0,,
891597005444,PROTEINA MASS 14.8LBS CHOCOLATE FUDGE CARNIVOR (MUSCLE MEDS),,,,,0,0,,
891597006113,RTD CARNIVOR 500ML VAINILLA (MUSCLE MEDS),Proteína RTD Carnivor 500 ml – Proteína Lista para Beber Recuperación y Crecimiento Muscular - Vainilla Cupcake,20409,891597006113,variation,11808,777,777,0
891597006137,RTD CARNIVOR 500ML FRUIT CEREAL (MUSCLE MEDS),Proteína RTD Carnivor 500 ml – Proteína Lista para Beber Recuperación y Crecimiento Muscular - Fruity Cereal,20407,891597006137,variation,11808,701,703,-2
891597006427,RTD CARNIVOR SALTED CARAMEL 500ML (MUSCLE MEDS),Proteína RTD Carnivor 500 ml – Proteína Lista para Beber Recuperación y Crecimiento Muscular - Salted Caramel,20408,891597006427,variation,11808,760,761,-1
8916683266907,ZMA 30 VEG CAPS EMIENCE,,,,,0,12,,
8916683266909,CURCUMIN C3+BIOPERINE 60 VENG CAPS EMINECE,,,,,0,12,,
